session	optimize	depth	controllers	survivors	episodes	noise	initial_value	variance	session_seed	game_seed	name	generation	type	game_num	repetition	landing_height	eroded_cells	row_trans	col_trans	pits	cuml_wells	mean_ht	max_ht	min_ht	all_ht	max_ht_diff	min_ht_diff	cleared	deep_wells	max_well	cuml_cleared	cuml_eroded	pit_depth	pit_rows	column_9	tetris	landing_height_norm	eroded_cells_norm	row_trans_norm	col_trans_norm	pits_norm	cuml_wells_norm	mean_ht_norm	max_ht_norm	min_ht_norm	all_ht_norm	max_ht_diff_norm	min_ht_diff_norm	cleared_norm	deep_wells_norm	max_well_norm	cuml_cleared_norm	cuml_eroded_norm	pit_depth_norm	pit_rows_norm	column_9_norm	tetris_norm	landing_height_var	eroded_cells_var	row_trans_var	col_trans_var	pits_var	cuml_wells_var	mean_ht_var	max_ht_var	min_ht_var	all_ht_var	max_ht_diff_var	min_ht_diff_var	cleared_var	deep_wells_var	max_well_var	cuml_cleared_var	cuml_eroded_var	pit_depth_var	pit_rows_var	column_9_var	tetris_var	lines	l1	l2	l3	l4	score	level	eps	norm_of_weights
2017-06-14_13-27-35	score	80	200	10	800	4	0	100	1497446855.73	NIL	G0	0	base	0	0	0	0	0	0	0	0	0	0	0	0	0	0	0	0	0	0	0	0	0	0	0	0	0	0	0	0	0	0	0	0	0	0	0	0	0	0	0	0	0	0	0	0	10.0	10.0	10.0	10.0	10.0	10.0	10.0	10.0	10.0	10.0	10.0	10.0	10.0	10.0	10.0	10.0	10.0	10.0	10.0	10.0	10.0									
2017-06-14_13-27-35	score	80	200	10	800	4	0	100	1497446855.73	12995	G1_1	1	search	1	1	10.6335784617	-18.0535691468	-17.2968007497	32.4869299646	-4.41178921085	-8.673176541	7.23426661152	-4.37279503851	-10.5424755151	13.2766534793	-9.68015012594	0.0	-9.36432995917	-3.97828334139	3.75154150429	-1.61070902342	8.77102813223	-4.97455930982	0.0	-0.0	-6.00931306742	0.327318662405	-0.555717919989	-0.532423370524	1.0	-0.135801973768	-0.266974335539	0.222682371631	-0.134601670373	-0.324514367058	0.408676766125	-0.297970603455	0.0	-0.288249150331	-0.122457965272	0.115478486529	-0.0495802165725	0.269986365033	-0.153124943331	0.0	-0.0	-0.18497632968																						1	1	0	0	0	40	0	32	18
2017-06-14_13-27-35	score	80	200	10	800	4	0	100	1497446855.73	95326	G1_2	1	search	2	1	2.36862634377	-12.736919584	-4.00933697327	-4.66311135269	-18.8584720557	-1.22191992452	-13.6353416516	10.7048254954	-1.55970035598	-5.10232500677	-19.8641934561	0.0	-6.27397247344	-4.14485628898	1.6920097613	-2.99303485476	-6.85321121992	-0.0996671080168	-0.0	0.0	20.3845753993	0.116196991959	-0.624831242959	-0.196684841098	-0.228756854697	-0.925134406101	-0.0599433591616	-0.668904864806	0.525143412883	-0.0765137524538	-0.250303227161	-0.974471779123	0.0	-0.30778038544	-0.203332971513	0.0830044152578	-0.146828412961	-0.336195926855	-0.00488933941789	-0.0	0.0	1.0																						317	255	25	4	0	220400	31	800	18
2017-06-14_13-27-35	score	80	200	10	800	4	0	100	1497446855.73	42549	G1_3	1	search	3	1	-1.4676200217	2.99028932546	2.17506271005	-8.85188307107	-9.92967285002	-4.62388465172	9.66426364833	-14.4549710306	31.4244783521	16.959339933	-3.09909501759	-0.0	-1.65623753791	0.967319069048	-5.95701156835	23.3338436096	-3.08037514759	9.6821767919	-0.0	-0.0	-2.53704702004	-0.0467030830314	0.0951579622723	0.0692155550103	-0.28168751035	-0.315985288244	-0.147142765583	0.307539350058	-0.459990802987	1.0	0.539685647061	-0.0986204124971	-0.0	-0.0527053311547	0.0307823429305	-0.189565965156	0.742537182259	-0.0980247026878	0.308109387956	-0.0	-0.0	-0.0807347377929																						0	0	0	0	0	0	0	30	18
2017-06-14_13-27-35	score	80	200	10	800	4	0	100	1497446855.73	64761	G1_4	1	search	4	1	-14.2163476846	20.7316575788	8.66042120551	5.75709458808	7.63368867981	7.34536064061	-3.7203302402	-12.634602369	8.92774094086	4.74589564525	6.8665197572	0.0	-3.55833108581	5.92097650452	-9.57180708621	-14.2346726529	7.34903058501	8.77304676708	0.0	0.0	-11.7910253413	-0.685731357012	1.0	0.417738966245	0.27769581695	0.36821410207	0.354306480931	-0.179451653881	-0.609435223449	0.430633243238	0.228920221512	0.331209394671	0.0	-0.171637558275	0.285600728356	-0.461700037724	-0.686615269368	0.354483502203	0.423171506366	0.0	0.0	-0.568744939783																						1	1	0	0	0	40	0	36	18
2017-06-14_13-27-35	score	80	200	10	800	4	0	100	1497446855.73	82774	G1_5	1	search	5	1	-0.414721078541	10.8544552932	10.1149030769	2.61127951097	2.07475414999	11.2105035452	-4.2588143127	-6.98809302271	1.83813514447	-27.1197672906	-5.63620441163	-0.0	3.57096541091	-12.2057604689	13.6235317904	-5.45541786104	-3.18835647463	-7.16201046153	0.0	-0.0	-0.072913968146	-0.0152922063857	0.400241461399	0.372971602909	0.0962869438733	0.0765033905992	0.413370196913	-0.157037273479	-0.257675257602	0.0677784261484	-1.0	-0.207826429749	-0.0	0.131673895747	-0.450068775963	0.502346928143	-0.201160201803	-0.117565775564	-0.264088197542	0.0	-0.0	-0.00268859121705																						1	1	0	0	0	40	0	37	18
2017-06-14_13-27-35	score	80	200	10	800	4	0	100	1497446855.73	24242	G1_6	1	search	6	1	9.81988519954	-7.19485736921	-15.5865035829	-6.36614005193	-16.0060298756	8.49603510536	-4.91981086175	-4.33646336095	-8.45150023074	-4.05977819607	8.51063334502	-0.0	20.6250169862	-7.95331562829	-2.67979952275	-8.43975501393	9.66158285294	0.841111862693	-0.0	0.0	-6.59962091452	0.476115253924	-0.34884128212	-0.755708642247	-0.308661081647	-0.77604929423	0.411928635553	-0.238536087754	-0.210252595858	-0.409769370683	-0.196837568609	0.412636428408	-0.0	1.0	-0.385614985608	-0.129929566824	-0.409199906094	0.468439994955	0.0407811476353	-0.0	0.0	-0.319981356571																						6	4	1	0	0	260	0	56	18
2017-06-14_13-27-35	score	80	200	10	800	4	0	100	1497446855.73	69624	G1_7	1	search	7	1	3.7101225991	-3.24018744509	10.1379155829	-7.72876409532	9.81009562555	24.0172856778	-2.49850800983	-11.5643716254	-4.0991513426	8.82448271792	-10.7880380196	0.0	-23.8088073838	-8.6936248183	-6.82741901727	5.53201429907	10.396701719	-7.52470970728	-0.0	-0.0	14.8771534656	0.154477181513	-0.134910642633	0.422109130853	-0.321800065127	0.408459796712	1.0	-0.104029574505	-0.481502022356	-0.170675046197	0.367422149042	-0.449178069675	0.0	-0.991319656316	-0.361973660759	-0.284271049978	0.230334700318	0.432884125975	-0.313303918195	-0.0	-0.0	0.619435254472																						0	0	0	0	0	0	0	35	18
2017-06-14_13-27-35	score	80	200	10	800	4	0	100	1497446855.73	99827	G1_8	1	search	8	1	6.35153144618	1.64886499835	19.0104415207	-8.10372851046	4.52794090711	-6.07341409803	4.27790384407	-12.8409788436	-10.3729746845	9.75440155846	-7.2126718877	-0.0	18.8464090172	2.23113798115	-3.53339224823	-9.45336730942	15.4691489345	-1.5788671464	0.0	-0.0	-3.29929515576	0.334107518717	0.0867347029556	1.0	-0.426277764336	0.238181785636	-0.319477803366	0.225029168282	-0.675469784838	-0.545646174141	0.513107575532	-0.379405806007	-0.0	0.991371452196	0.117363817075	-0.185865869785	-0.497272369984	0.813718551338	-0.0830526289818	0.0	-0.0	-0.173551737458																						0	0	0	0	0	0	0	27	18
2017-06-14_13-27-35	score	80	200	10	800	4	0	100	1497446855.73	46456	G1_9	1	search	9	1	3.73492234841	-3.64474624857	-31.07399678	7.73814426359	4.95578589088	-21.5261749645	-9.80661833515	-10.2286475595	-4.61386083406	-1.74811242508	4.63883147415	0.0	-2.35060169305	-6.78659868367	-5.16271271779	-1.19312643677	2.34650836663	8.17931477341	0.0	0.0	20.4231561413	0.120194462748	-0.117292483306	-1.0	0.249023140421	0.159483375311	-0.692739177292	-0.315589217717	-0.329170644895	-0.148479800224	-0.0562564396675	0.149283386588	0.0	-0.0756452962809	-0.21840121603	-0.166142538868	-0.0383962978826	0.0755135679275	0.263220558054	0.0	0.0	0.657242654877																						2	2	0	0	0	80	0	37	18
2017-06-14_13-27-35	score	80	200	10	800	4	0	100	1497446855.73	84247	G1_10	1	search	10	1	-1.07420034028	-13.0653559105	5.45118650916	3.68449061323	8.91314270904	-7.24189201213	-12.385877925	1.05332226444	-4.57235578729	-4.21628528086	-25.5596520633	-0.0	-1.32656884726	-9.76007280678	3.35718046932	0.401019254159	3.90927000525	-3.99008653119	-0.0	0.0	-5.37508748668	-0.0420271894788	-0.511171117591	0.213273110904	0.144152612254	0.34871925044	-0.283332965339	-0.484587109962	0.0412103522312	-0.17888959427	-0.164958633647	-1.0	-0.0	-0.0519008961457	-0.381854681848	0.131346876749	0.0156895427671	0.152946917883	-0.156108796837	-0.0	0.0	-0.210295800324																						0	0	0	0	0	0	0	30	18
2017-06-14_13-27-35	score	80	200	10	800	4	0	100	1497446855.73	37045	G1_11	1	search	11	1	-1.71364005281	-0.420546527596	-19.3151002839	-13.6024309198	6.31904986399	-4.23513692712	-2.89959381262	-0.743897745514	24.3728012333	9.69443591789	-10.4834613179	-0.0	22.5325914175	10.6486326138	11.0869584429	-2.48031931103	3.29948981803	17.6471884109	-0.0	0.0	1.35534429793	-0.0703095239814	-0.0172547473542	-0.792485857454	-0.558098791747	0.259266458685	-0.173764881869	-0.11896842652	-0.0305216350961	1.0	0.397756327846	-0.430129520917	-0.0	0.92449740191	0.436906390524	0.45489061092	-0.101765869556	0.135375896535	0.724052530602	-0.0	0.0	0.0556088848777																						0	0	0	0	0	0	0	27	18
2017-06-14_13-27-35	score	80	200	10	800	4	0	100	1497446855.73	71932	G1_12	1	search	12	1	-4.58398389031	-13.2361609879	8.11993664116	8.25274780565	21.8025103291	-8.93508462106	4.71210029054	-1.58590207814	0.3452216631	7.63646034852	-10.7672606123	-0.0	9.69796875556	5.88515184854	11.1710020688	9.78476430391	-10.2543144727	-2.22097788631	-0.0	0.0	-1.93082011939	-0.210250279492	-0.607093439615	0.372431271381	0.378522825174	1.0	-0.409819075244	0.216126501922	-0.0727394256077	0.0158340327737	0.350256013333	-0.493854168617	-0.0	0.444809731044	0.269930010798	0.512372286503	0.448790719794	-0.470327238373	-0.101867989181	-0.0	0.0	-0.088559532377																						0	0	0	0	0	0	0	23	18
2017-06-14_13-27-35	score	80	200	10	800	4	0	100	1497446855.73	48669	G1_13	1	search	13	1	1.92382977527	1.97841460012	2.47729232406	2.83492659989	8.71192484713	-5.26875759867	5.28587180912	-10.3537239028	4.34686117999	4.18017577609	21.3476228493	0.0	-5.1463640293	-6.02910841363	-2.5373885763	2.83210571508	-1.11384313553	-3.95008238413	0.0	-0.0	-6.04369716857	0.0901191570063	0.0926761079713	0.116045348072	0.132798233316	0.40809812449	-0.246807695445	0.24760938707	-0.485005940751	0.203622727021	0.195814578775	1.0	0.0	-0.241074337205	-0.282425282486	-0.118860474265	0.132666092851	-0.0521764480943	-0.185036170632	0.0	-0.0	-0.283108672625																						0	0	0	0	0	0	0	20	18
2017-06-14_13-27-35	score	80	200	10	800	4	0	100	1497446855.73	48966	G1_14	1	search	14	1	9.45428066307	5.30552238305	-10.4342063905	-4.694654906	-3.64064254566	-10.4266369812	-6.00444018193	-7.73044600645	-25.8801669369	-9.04432762512	-7.12685088125	0.0	-10.649758616	-18.1853415133	8.88481339739	6.56622392726	-13.173058005	9.02415908193	-0.0	-0.0	3.15512555433	0.365309879419	0.205003406507	-0.403173844124	-0.18139971498	-0.140673070407	-0.402881364969	-0.232009329637	-0.298701551087	-1.0	-0.349469446899	-0.275378860524	0.0	-0.411502701739	-0.702674814951	0.343305876621	0.253716444073	-0.509002049218	0.348690141911	-0.0	-0.0	0.121912874906																						2	2	0	0	0	80	0	45	18
2017-06-14_13-27-35	score	80	200	10	800	4	0	100	1497446855.73	53525	G1_15	1	search	15	1	-1.60786540033	4.69712074687	12.1148460496	5.64379433112	2.31310775513	-2.34943107389	4.46319942401	8.50645792932	-6.12710231941	7.80945616975	12.2831009117	0.0	-1.91255279082	15.3449351896	12.7452606221	-14.3499612651	9.45010878584	-4.75974814148	0.0	-0.0	-11.7583104219	-0.104781504807	0.306102351612	0.789501284943	0.367795253703	0.150740796656	-0.153107917684	0.290858147581	0.554349550793	-0.399291508481	0.508927282731	0.800466131654	0.0	-0.124637397759	1.0	0.830584193718	-0.935159457353	0.615845467514	-0.31018365882	0.0	-0.0	-0.766266541798																						0	0	0	0	0	0	0	23	18
2017-06-14_13-27-35	score	80	200	10	800	4	0	100	1497446855.73	57794	G1_16	1	search	16	1	-11.2994719792	-2.51995962033	-3.21102986467	21.4380978703	10.616200271	-2.50948103544	10.0320453516	5.77260801297	-8.45044375896	8.83122647494	-1.1859214304	0.0	6.54061219672	-10.7419181017	0.636708237657	-7.49772422538	2.74639923036	2.0447106988	-0.0	0.0	-30.3867049242	-0.371855783882	-0.0829296768643	-0.10567219686	0.705509133805	0.349369906921	-0.0825848357595	0.330145877174	0.18997150324	-0.27809674593	0.290627973549	-0.03902764164	0.0	0.215245852192	-0.353507171261	0.0209535136911	-0.246743575655	0.0903816072593	0.0672896486769	-0.0	0.0	-1.0																						0	0	0	0	0	0	0	29	18
2017-06-14_13-27-35	score	80	200	10	800	4	0	100	1497446855.73	52033	G1_17	1	search	17	1	0.253556017596	15.2455059648	8.04177731021	-15.6251983035	-14.31374486	7.13575480153	11.9985050917	-10.022811179	8.8082947427	-5.46459152943	4.97845708247	-0.0	19.8998371711	2.58969115361	0.745284656364	8.83819198906	19.2741508124	10.599821875	0.0	0.0	-9.30428828623	0.0127416126784	0.766112095983	0.404112719169	-0.785192269121	-0.71928954679	0.358583577353	0.602944887871	-0.503662974365	0.442631498288	-0.274604836334	0.250175769765	-0.0	1.0	0.130136298672	0.0374517967136	0.44413388477	0.968558217173	0.53265872398	0.0	0.0	-0.467556000899																						0	0	0	0	0	0	0	34	18
2017-06-14_13-27-35	score	80	200	10	800	4	0	100	1497446855.73	23089	G1_18	1	search	18	1	4.92447035375	5.17142084552	3.21021517909	15.2389736315	11.3603014557	-20.7042775331	-11.7482721027	-9.64864814704	7.284167762	-6.39246750293	14.1126342741	0.0	-3.65476182776	6.05465509297	-10.4658702296	-10.7140469414	0.00629906500488	18.5799519934	-0.0	-0.0	1.14186071419	0.237847968657	0.249775479355	0.155050818555	0.736030204731	0.54869344934	-1.0	-0.567432120439	-0.466021967278	0.351819460996	-0.308751053627	0.681628917094	0.0	-0.176522065159	0.292434985152	-0.505493138453	-0.517479874595	0.000304239787881	0.897396780144	-0.0	-0.0	0.0551509567221																						1	1	0	0	0	40	0	31	17
2017-06-14_13-27-35	score	80	200	10	800	4	0	100	1497446855.73	5452	G1_19	1	search	19	1	-2.49468752781	6.84140693663	3.94482001631	-2.18908498971	-0.797270607567	5.12307115124	-3.95447915623	12.0185356982	-9.58591551129	-4.66824832842	-4.68480597069	-0.0	1.10714858296	7.94204095153	19.8374271659	6.20043362518	-8.73689422543	-6.6380139577	-0.0	0.0	-0.67910388094	-0.12575660679	0.344873701586	0.19885744171	-0.110351255302	-0.0401902222955	0.25825280206	-0.199344356663	0.605851534966	-0.483223728115	-0.235325291399	-0.23615995822	-0.0	0.0558110975633	0.400356401318	1.0	0.31256238893	-0.440424766397	-0.334620709742	-0.0	0.0	-0.0342334656234																						0	0	0	0	0	0	0	34	18
2017-06-14_13-27-35	score	80	200	10	800	4	0	100	1497446855.73	95352	G1_20	1	search	20	1	4.05098233442	11.4485067298	1.31137710446	-2.73731466238	2.4796325738	8.21041345584	2.40964514519	-12.3045270411	-4.41013991853	1.97129910953	-1.95852958726	0.0	-10.0375842589	-12.3807266197	-0.918544479242	-4.94859271709	25.2422884908	-1.86495014729	0.0	0.0	24.7090342103	0.16048395675	0.453544722539	0.0519515932534	-0.108441620235	0.0982332713099	0.325264227086	0.0954606451818	-0.487456874031	-0.174712364933	0.0780951025994	-0.0775892244466	0.0	-0.397649534135	-0.490475601062	-0.0363891126424	-0.196043742979	1.0	-0.0738819757952	0.0	0.0	0.978874566753																						0	0	0	0	0	0	0	36	18
2017-06-14_13-27-35	score	80	200	10	800	4	0	100	1497446855.73	29401	G1_21	1	search	21	1	9.13078094595	1.35149079682	-0.552228683332	3.43019334339	24.4455008419	-0.230315954024	12.415186364	-2.36970474153	1.64733251323	8.50726082547	2.50864356018	-0.0	9.46173200049	-7.97962816181	2.9512209741	-11.8773675183	1.77417214522	11.0708585491	0.0	-0.0	-5.8704572518	0.373515805833	0.0552858706215	-0.0225901971452	0.140320027214	1.0	-0.00942160913428	0.507872039288	-0.0969382773893	0.0673879632856	0.348009266838	0.102621892527	-0.0	0.387054127534	-0.326425227015	0.120726549772	-0.485871310028	0.0725766330867	0.452879187081	0.0	-0.0	-0.240144691236																						0	0	0	0	0	0	0	26	18
2017-06-14_13-27-35	score	80	200	10	800	4	0	100	1497446855.73	75437	G1_22	1	search	22	1	13.549953079	14.3844576056	13.4256741468	-0.247996045523	25.01377509	7.11427834309	-14.34445795	-6.0509485361	-12.4770750441	0.2659770952	-9.40073613421	-0.0	1.40048327354	-11.5769221105	-2.21785601304	-5.76050146878	-5.9636647074	-1.60782455093	0.0	0.0	-7.87472287429	0.541699644705	0.575061443299	0.536731225032	-0.00991437896239	1.0	0.284414420353	-0.573462338187	-0.24190465111	-0.498808156672	0.0106332248628	-0.375822365891	-0.0	0.0559884810867	-0.462821867902	-0.0886653855748	-0.230293166387	-0.238415220651	-0.0642775648676	0.0	0.0	-0.314815450524																						0	0	0	0	0	0	0	29	18
2017-06-14_13-27-35	score	80	200	10	800	4	0	100	1497446855.73	95481	G1_23	1	search	23	1	12.354033748	-8.70061947442	2.88681507936	13.3261716644	-7.71518942675	9.27384974793	5.02812048884	14.6228240082	-7.82481568938	6.26377961193	10.8678343864	0.0	27.3625082629	3.22333856352	-11.1673877075	-1.20820217994	2.0537657951	-5.98903406984	0.0	0.0	11.7878786721	0.451494929826	-0.317975946899	0.105502574969	0.487023029334	-0.281962068412	0.338925425214	0.183759487271	0.534410949013	-0.285968508961	0.228918326922	0.397179757131	0.0	1.0	0.117801282417	-0.408127339796	-0.0441553883996	0.0750576582881	-0.21887737821	0.0	0.0	0.43080402421																						0	0	0	0	0	0	0	35	18
2017-06-14_13-27-35	score	80	200	10	800	4	0	100	1497446855.73	82167	G1_24	1	search	24	1	-0.715011988468	-11.7746845546	14.7259453913	-9.56961602719	5.29468866698	1.2650175453	4.64841605611	-8.31709628295	1.02236773818	7.6133764851	5.09645710868	0.0	-12.9635253783	3.72240750248	7.68546707	-11.6751015115	3.98956491336	1.20303027296	0.0	0.0	21.1830537366	-0.0337539618867	-0.555853971814	0.69517575579	-0.451758096174	0.249949262879	0.0597183749344	0.219440318375	-0.392629711768	0.0482634728161	0.359408826498	0.240591237319	0.0	-0.611976230598	0.17572572627	0.362812046156	-0.551152900649	0.188337572239	0.0567921078766	0.0	0.0	1.0																						0	0	0	0	0	0	0	30	18
2017-06-14_13-27-35	score	80	200	10	800	4	0	100	1497446855.73	8532	G1_25	1	search	25	1	-8.31862132019	13.8323366992	13.1812463481	-27.2674347166	-18.659683224	-4.4216581705	-7.81575946204	1.13493299839	-26.4870470866	-8.08808950294	8.04792131402	0.0	-7.86605905602	-17.4854771976	3.15177940211	-11.4689330143	13.1274159681	17.723820892	0.0	0.0	-14.4939188335	-0.305075318109	0.507284122724	0.483406176089	-1.0	-0.684321184517	-0.162158934878	-0.286633471145	0.0416222871783	-0.971380232937	-0.296620844131	0.295147724664	0.0	-0.288478147569	-0.641258606806	0.115587675734	-0.420609167436	0.481432012383	0.649999571879	0.0	0.0	-0.531546842751																						0	0	0	0	0	0	0	37	18
2017-06-14_13-27-35	score	80	200	10	800	4	0	100	1497446855.73	84956	G1_26	1	search	26	1	11.1309929304	-8.30067990442	8.79264099889	-1.46823708776	-8.19208159025	12.6885339848	2.4809808138	19.300925766	7.65590915082	-13.3242225606	-6.00924859414	-0.0	4.78492262494	-2.41042386594	7.01980351869	-3.40710528585	-7.58541745891	-1.79330896276	0.0	-0.0	2.7366864454	0.57670772197	-0.430066412619	0.455555402133	-0.0760708116058	-0.424439826854	0.657405460164	0.128542062898	1.0	0.396660203952	-0.690341112242	-0.311345096447	-0.0	0.247911560458	-0.12488643784	0.363702943775	-0.17652548521	-0.39300795987	-0.0929131060605	0.0	-0.0	0.141790423868																						0	0	0	0	0	0	0	34	18
2017-06-14_13-27-35	score	80	200	10	800	4	0	100	1497446855.73	40601	G1_27	1	search	27	1	12.2521403574	-9.41386172156	-3.02455881957	-4.31723783873	1.04611934698	-3.11691309087	-2.81092702679	1.20266944754	-2.81707108016	2.79388607006	-10.5940413269	0.0	0.443115974036	8.12440919694	-9.13374514384	8.90822989509	4.65957856226	3.25031009998	0.0	-0.0	-7.85739323746	1.0	-0.768344260424	-0.246859628712	-0.352366012205	0.0853825794076	-0.254397435871	-0.22942334521	0.0981599469521	-0.229924812969	0.228032489716	-0.864668622614	0.0	0.036166413468	0.663101218229	-0.745481595653	0.727075403579	0.380307311728	0.265285085312	0.0	-0.0	-0.641307804859																						0	0	0	0	0	0	0	33	18
2017-06-14_13-27-35	score	80	200	10	800	4	0	100	1497446855.73	97780	G1_28	1	search	28	1	-11.039977213	14.4666428893	-5.59487973615	-8.15709714908	-16.1047730348	-8.1688260109	11.7906547739	-25.55746552	-1.84390059987	-1.49438581502	7.66616072959	-0.0	-13.756406678	-0.662243421032	0.0470726687976	-10.6651509967	14.2767166893	6.16132214476	-0.0	0.0	-0.993162958678	-0.431966824113	0.566043721277	-0.218913715516	-0.319166904195	-0.630139675714	-0.319625825359	0.461338968245	-1.0	-0.0721472400472	-0.0584715966398	0.299957784296	-0.0	-0.538253946473	-0.0259119363974	0.00184183634175	-0.417300807407	0.558612381894	0.241077196796	-0.0	0.0	-0.038859994075																						45	35	2	2	0	6020	4	156	18
2017-06-14_13-27-35	score	80	200	10	800	4	0	100	1497446855.73	73610	G1_29	1	search	29	1	-1.04037509707	-1.89416604933	1.12286688104	0.206643340365	2.19343425778	18.8086675267	4.29086427653	-5.76027566426	5.03927593576	-2.59902334387	-7.07200657201	-0.0	9.69338276765	24.1868044425	-0.836315195352	-1.85865182532	-12.2055355546	-16.175640847	0.0	-0.0	5.88680324189	-0.0430141608637	-0.0783140267175	0.0464247719748	0.00854363960546	0.0906872283598	0.77764169183	0.177405175071	-0.238157780534	0.208348148997	-0.107456251612	-0.292391108913	-0.0	0.400771536011	1.0	-0.0345773331627	-0.0768456961621	-0.504636136765	-0.668779577122	0.0	-0.0	0.24338904529																						0	0	0	0	0	0	0	29	18
2017-06-14_13-27-35	score	80	200	10	800	4	0	100	1497446855.73	94003	G1_30	1	search	30	1	-1.66609293989	-0.0592800922693	0.283754924674	-14.0716907576	-2.97802052196	-18.2276659525	13.2580309841	-16.1867993079	-2.64092432958	-1.27420601354	-10.4370216982	-0.0	-13.6500113541	-12.4530939827	-17.7309231202	16.3577775062	4.23375510681	2.27635958673	-0.0	-0.0	6.89404421281	-0.0914046232927	-0.00325220422757	0.0155672660128	-0.771996304646	-0.163379147375	-1.0	0.727357579336	-0.888034669396	-0.144885490905	-0.0699050562406	-0.572592328903	-0.0	-0.748862272861	-0.683197399773	-0.97274786396	0.897414817061	0.232270830388	0.124884864177	-0.0	-0.0	0.37821870506																						2	2	0	0	0	80	0	39	18
2017-06-14_13-27-35	score	80	200	10	800	4	0	100	1497446855.73	9098	G1_31	1	search	31	1	-13.2873371014	-2.29839705087	1.43717999503	6.03087334561	-4.60911331377	7.88822025197	-12.8916708088	8.72699871585	-16.2136407456	-0.677982551973	-9.61954339928	0.0	2.83181106745	4.37516389687	-9.22448468987	15.0484682285	-13.1328974638	12.759052017	0.0	-0.0	-18.3888390724	-0.722576180535	-0.124988697863	0.0781550150809	0.327963789441	-0.250647324478	0.428967822324	-0.701059526269	0.474581276256	-0.881710948784	-0.0368692416799	-0.523118580863	0.0	0.153996185202	0.237924965227	-0.501634967468	0.818347921217	-0.714177627639	0.693847608692	0.0	-0.0	-1.0																						0	0	0	0	0	0	0	28	18
2017-06-14_13-27-35	score	80	200	10	800	4	0	100	1497446855.73	95405	G1_32	1	search	32	1	1.14269640344	0.149813471799	13.8281932701	5.89465403505	13.1562080132	-27.4963541601	3.08869102573	18.4519725251	10.8749116032	-16.3027949795	16.5627526787	0.0	3.38518370783	-16.0011381019	-8.42442831242	0.382929941407	-1.94307035422	-4.24114262372	0.0	0.0	6.84047504355	0.0415581060961	0.00544848494919	0.502910065442	0.214379477392	0.478470997885	-1.0	0.112330929684	0.671069786839	0.395503765329	-0.59290751365	0.602361774299	0.0	0.123113911325	-0.581936718181	-0.306383466817	0.0139265714711	-0.0706664724676	-0.154243817163	0.0	0.0	0.248777528967																						2	2	0	0	0	80	0	41	18
2017-06-14_13-27-35	score	80	200	10	800	4	0	100	1497446855.73	66473	G1_33	1	search	33	1	-0.295942201216	0.844309164161	5.09972700962	-18.6712754549	3.22229369291	-7.37693313467	30.8623781239	6.14323327217	17.2909371226	3.56648877394	21.1161868195	0.0	-6.87422897177	-2.38101474645	-9.90951475571	-12.5929806941	1.46612150163	-0.339820259157	-0.0	-0.0	-4.40461380046	-0.00958909258477	0.0273572295943	0.165240895862	-0.604984987871	0.104408470403	-0.239026723899	1.0	0.199052491921	0.560259389384	0.115561048459	0.684204785995	0.0	-0.222738148829	-0.07714942565	-0.321087205786	-0.408036627753	0.047505137023	-0.0110108254715	-0.0	-0.0	-0.142717900182																						1	1	0	0	0	40	0	27	18
2017-06-14_13-27-35	score	80	200	10	800	4	0	100	1497446855.73	12946	G1_34	1	search	34	1	29.3752552303	-16.5012540668	3.21662395192	5.21241608681	-1.44847065188	-19.9741165974	6.03246246581	1.23347279878	-12.9666384184	-2.13894132978	1.94126142917	0.0	12.4092301311	10.3236012333	-9.62196798943	5.51268626443	8.81722105677	-6.52535912347	0.0	-0.0	-0.283096873721	1.0	-0.56173993851	0.109501140559	0.177442410149	-0.0493092107805	-0.679964018722	0.205358640071	0.0419901985229	-0.441413642767	-0.0728143913308	0.0660849212698	0.0	0.422438206368	0.351438690572	-0.327553511076	0.187664284828	0.300158108845	-0.222137954966	0.0	-0.0	-0.00963725664686																						0	0	0	0	0	0	0	27	18
2017-06-14_13-27-35	score	80	200	10	800	4	0	100	1497446855.73	8354	G1_35	1	search	35	1	15.5315102427	3.36898573922	-3.59415221646	-21.5718335484	9.68302730417	-0.782435518417	-2.5571698525	0.612078822178	-5.08560252043	3.23742422136	13.4495630943	-0.0	1.94260787789	-15.4912996532	-10.876691914	-14.0056762888	1.59042579291	18.4780531517	-0.0	0.0	-15.529719841	0.719990269152	0.156175214854	-0.166613199958	-1.0	0.448873633408	-0.0362711642781	-0.118542072317	0.0283739822488	-0.235751982279	0.150076451039	0.623477974835	-0.0	0.0900529792023	-0.718126237087	-0.504208040062	-0.64925757272	0.0737269638829	0.856582409194	-0.0	0.0	-0.719907271956																						0	0	0	0	0	0	0	30	18
2017-06-14_13-27-35	score	80	200	10	800	4	0	100	1497446855.73	28264	G1_36	1	search	36	1	1.18795739047	2.05350337548	17.827165105	-13.8738589512	7.50672150421	-0.272657153964	0.934455985612	-11.9728040037	-6.70637791743	-2.54780466615	-4.93304470812	-0.0	5.78832011685	-7.83755560533	20.5215845728	10.4093542699	2.48007835302	-3.71463155764	0.0	-0.0	-2.83916011873	0.0578881901762	0.100065536762	0.868703147251	-0.676061777879	0.365796387583	-0.0132863596862	0.0455352744471	-0.583424928089	-0.326796300434	-0.124152433605	-0.240383226287	-0.0	0.282060096106	-0.381917662232	1.0	0.507239303718	0.120852185864	-0.181010951882	0.0	-0.0	-0.138349946061																						0	0	0	0	0	0	0	26	18
2017-06-14_13-27-35	score	80	200	10	800	4	0	100	1497446855.73	86886	G1_37	1	search	37	1	-16.0211284285	-7.03787249678	1.73738801292	-10.3615048015	12.9199893074	-7.34657348135	-9.97989444212	5.60009973118	-27.3787979329	-11.5731153866	22.5954413869	-0.0	6.301759142	4.15156761584	1.01615752983	8.76208063272	15.9112304433	-17.9338160034	0.0	-0.0	-15.5122603177	-0.585165516316	-0.25705556957	0.0634574248725	-0.378449953388	0.471897609936	-0.268330753577	-0.364511782679	0.204541475667	-1.0	-0.422703561165	0.825289753127	-0.0	0.230169314133	0.151634400678	0.0371147605648	0.320031604536	0.581151534935	-0.655025689856	0.0	-0.0	-0.566579305482																						15	11	2	0	0	800	1	78	18
2017-06-14_13-27-35	score	80	200	10	800	4	0	100	1497446855.73	57085	G1_38	1	search	38	1	5.24567667492	-3.89358761336	-5.48969378997	0.455712176955	-10.6962560399	4.10986746643	11.0510114978	22.7380780978	2.28795850189	3.33650432999	23.8937170908	0.0	2.0205445592	0.239371130163	2.01388615186	18.623807571	0.990667292521	7.78654140234	0.0	-0.0	6.01623744388	0.219542093639	-0.162954453615	-0.229754699493	0.019072468935	-0.44765977597	0.172006199404	0.462507003654	0.951634189499	0.0957556538064	0.139639400488	1.0	0.0	0.0845638437721	0.0100181620655	0.084285176066	0.779443713184	0.0414614138419	0.325882380408	0.0	-0.0	0.251791607853																						0	0	0	0	0	0	0	27	18
2017-06-14_13-27-35	score	80	200	10	800	4	0	100	1497446855.73	45137	G1_39	1	search	39	1	20.2481860955	-11.8438316077	18.9864503366	-3.02513296595	-1.71786471263	23.4363372329	4.19318974708	0.0743950529446	13.6942427122	-2.75233528929	2.2952065336	0.0	3.97191851527	6.46917489949	0.579471543831	-10.6835723978	13.1489084566	-16.3377352907	-0.0	-0.0	1.35113937638	0.863965469272	-0.505361886971	0.810128739313	-0.129078743657	-0.0732991975476	1.0	0.178918305595	0.00317434640939	0.584316677818	-0.117438798646	0.0979336707261	0.0	0.169476931305	0.276031823369	0.0247253458623	-0.455855037911	0.561047928518	-0.6971112904	-0.0	-0.0	0.057651473562																						1	1	0	0	0	40	0	36	18
2017-06-14_13-27-35	score	80	200	10	800	4	0	100	1497446855.73	88298	G1_40	1	search	40	1	8.09553997007	2.77998116326	11.0262155157	-16.3060903603	-11.0213018225	2.26727558906	-3.41223289423	-10.4773279024	-2.26807412508	-2.26841978556	6.21848160341	-0.0	-1.0075264093	0.740210469286	-0.19955236761	-13.674107914	9.83321714901	-0.8585601524	-0.0	0.0	-6.0650264994	0.49647339069	0.170487290444	0.676202282222	-1.0	-0.675900941241	0.139044709	-0.209261252626	-0.642540772857	-0.139093680641	-0.139114878885	0.381359447054	-0.0	-0.0617883494472	0.0453947238689	-0.0122379039488	-0.838588994165	0.60303953503	-0.0526527287309	-0.0	0.0	-0.371948539803																						0	0	0	0	0	0	0	33	18
2017-06-14_13-27-35	score	80	200	10	800	4	0	100	1497446855.73	77444	G1_41	1	search	41	1	-7.7563678619	-1.3779245599	2.72778907773	0.574322427489	-0.39040256047	17.0963922237	3.38065863276	-1.35852835513	2.98962072212	-2.65071647194	-0.310168228864	-0.0	6.62247151768	3.17210908604	4.6107356305	11.5239027166	-5.73524558514	-9.35492051645	-0.0	0.0	17.2660430995	-0.449226717274	-0.0798054627782	0.157985767904	0.0332631179119	-0.022611003472	0.990174304861	0.195798111546	-0.0786820898859	0.173150310404	-0.15352194227	-0.0179640596909	-0.0	0.383554673154	0.183719516264	0.267040664959	0.667431596819	-0.332169076151	-0.541810330401	-0.0	0.0	1.0																						0	0	0	0	0	0	0	33	18
2017-06-14_13-27-35	score	80	200	10	800	4	0	100	1497446855.73	79586	G1_42	1	search	42	1	11.3870969249	16.4351379668	-1.09165060414	-22.6764946265	11.3932174902	-0.156187946142	6.22626559541	8.0805100285	6.45059247364	14.4191475478	26.7102036879	-0.0	-4.95308379211	10.5358316588	13.4129028087	-4.76359886598	-15.3007496384	11.7325222581	0.0	0.0	4.04930324907	0.426320108149	0.615313090042	-0.0408701714481	-0.848982467208	0.426549255233	-0.00584750112607	0.233104384683	0.302525211823	0.241502930828	0.539836675014	1.0	-0.0	-0.185437889205	0.394449693531	0.502164003144	-0.178343786579	-0.572842866238	0.439252444316	0.0	0.0	0.151601361651																						0	0	0	0	0	0	0	29	18
2017-06-14_13-27-35	score	80	200	10	800	4	0	100	1497446855.73	95765	G1_43	1	search	43	1	-13.8895210197	4.37215844972	-17.2708507685	0.260310189522	11.6319417555	-16.6443923454	11.1436087079	-0.0725919041956	-2.77996728171	2.18990323725	-12.6850473003	0.0	-14.5909571166	-0.56712910617	4.03410702923	3.22481823358	-8.93707566495	-0.722344965359	-0.0	-0.0	5.46201803295	-0.804217534267	0.253152465291	-1.0	0.0150722273622	0.6735013759	-0.963727413811	0.645226390829	-0.00420314581885	-0.160962961175	0.126797646891	-0.734477268687	0.0	-0.844831404789	-0.0328373577985	0.233578940801	0.186720288236	-0.517465861106	-0.0418245154823	-0.0	-0.0	0.316256454657																						0	0	0	0	0	0	0	36	18
2017-06-14_13-27-35	score	80	200	10	800	4	0	100	1497446855.73	18957	G1_44	1	search	44	1	-14.1704482846	-14.5787670378	-9.37911926989	-0.168664828276	-3.45980198932	6.56975339204	11.390187528	-12.568911112	-11.2072838198	23.2409116542	0.139533122453	0.0	-13.6783899176	6.39469886209	9.38862095792	7.29195116394	-4.79436307585	10.5645464943	-0.0	0.0	5.50286726169	-0.609719984114	-0.627288948676	-0.403560729865	-0.00725723804581	-0.148866879269	0.282680537226	0.490092114178	-0.54080972808	-0.482222211698	1.0	0.00600377147543	0.0	-0.58854790729	0.275148365832	0.403969564431	0.313754953869	-0.206289802534	0.454566785139	-0.0	0.0	0.236775017416																						0	0	0	0	0	0	0	27	18
2017-06-14_13-27-35	score	80	200	10	800	4	0	100	1497446855.73	6893	G1_45	1	search	45	1	-0.573186295022	0.960302291239	-19.9399501139	-10.6644172518	-8.04733921522	8.69575778162	3.26075647405	-7.98279620616	4.430843403	1.2918647877	-12.2188554799	-0.0	-0.544251991703	-9.44399937274	18.1232442398	-11.5375853001	1.18867859175	6.90899828967	0.0	0.0	1.74825241488	-0.0287456233214	0.0481597138284	-1.0	-0.534826676641	-0.40357870352	0.436097268646	0.163528818047	-0.400341834386	0.222209352465	0.0647877642782	-0.612782650411	-0.0	-0.02729455132	-0.473622016042	0.9088911525	-0.578616557926	0.0596129170312	0.346490249484	0.0	0.0	0.0876758670352																						0	0	0	0	0	0	0	33	18
2017-06-14_13-27-35	score	80	200	10	800	4	0	100	1497446855.73	94140	G1_46	1	search	46	1	-12.1857813626	3.43797005208	22.8502198409	23.3914706135	3.47531068618	-2.66059956528	-1.79145041096	6.29113029305	-7.7763852286	-0.0414837006827	2.20914024103	-0.0	-4.17339739252	-9.0241897181	1.95961431577	2.39103910786	-9.33020972858	6.58469838663	-0.0	-0.0	0.854581487753	-0.520949775409	0.146975370163	0.976861190921	1.0	0.148571705628	-0.11374229561	-0.076585625614	0.268949755106	-0.332445332622	-0.00177345415208	0.0944421271126	-0.0	-0.178415348974	-0.385789755045	0.0837747377302	0.102218417447	-0.398872301907	0.281499974732	-0.0	-0.0	0.0365338931389																						0	0	0	0	0	0	0	28	18
2017-06-14_13-27-35	score	80	200	10	800	4	0	100	1497446855.73	88517	G1_47	1	search	47	1	1.03215616867	10.4109579797	1.57603391135	2.812141006	13.7629798377	-12.9610668455	-14.8455581865	-1.88330621493	-7.96574614024	2.7996552757	3.13106182074	-0.0	4.11121654983	17.2178135823	-4.75613379857	11.3911552717	-1.4935101049	14.9127070018	0.0	0.0	8.91468409514	0.0599469940674	0.60466202227	0.0915350781226	0.163327416258	0.799345385635	-0.752770773335	-0.862220868845	-0.109381264115	-0.462645625832	0.162602252738	0.181850140599	-0.0	0.238776923108	1.0	-0.276233319396	0.661591276809	-0.0867421463103	0.866120830645	0.0	0.0	0.517759357339																						0	0	0	0	0	0	0	28	18
2017-06-14_13-27-35	score	80	200	10	800	4	0	100	1497446855.73	99851	G1_48	1	search	48	1	11.919120199	-6.36237780253	-3.32464030357	-4.09367658348	-5.76703024097	4.14716347697	1.33486897814	14.058718775	-4.33319087348	9.18579437367	5.70872374563	-0.0	7.48513764269	16.4312125574	14.7640450094	10.1010052807	-2.47903532757	12.2634132621	0.0	-0.0	4.60872552231	0.72539504661	-0.38721292055	-0.202336881222	-0.249140260901	-0.350980198255	0.252395461533	0.0812398338515	0.855610547663	-0.263717048169	0.559045435117	0.347431677709	-0.0	0.455543838687	1.0	0.898536547912	0.61474497061	-0.150873547458	0.746348647077	0.0	-0.0	0.280486026592																						0	0	0	0	0	0	0	29	18
2017-06-14_13-27-35	score	80	200	10	800	4	0	100	1497446855.73	18308	G1_49	1	search	49	1	-8.12396253237	4.85169245911	-1.77760552931	-14.3832041356	2.49343104395	12.9853132939	9.60796690054	-3.96208117854	-3.67340803842	6.60309539362	-13.217550901	-0.0	15.490659542	6.83620861903	6.50506444301	3.07456567908	-3.91981014254	0.81692925449	0.0	-0.0	-11.4918944551	-0.524442649477	0.313201154924	-0.114753379254	-0.928508182402	0.160963517221	0.838267296411	0.620242596803	-0.255772271529	-0.237136968149	0.42626302487	-0.85325940223	-0.0	1.0	0.441311656258	0.419934633859	0.198478681346	-0.253043463508	0.0527368929821	0.0	-0.0	-0.741859597642																						0	0	0	0	0	0	0	33	18
2017-06-14_13-27-35	score	80	200	10	800	4	0	100	1497446855.73	67393	G1_50	1	search	50	1	-8.81164220011	-6.54830109332	3.26556283645	-0.757718271178	9.5466904426	-7.44676949609	-4.37792122515	-25.373144361	6.58650564119	-0.17074052004	0.425674738984	-0.0	-8.17938108205	2.79105881453	4.09058334437	8.2950834391	3.79189703671	7.02545010237	-0.0	-0.0	13.4940144458	-0.347282231746	-0.258079999867	0.128701543253	-0.029863002409	0.376251768672	-0.293490211152	-0.172541533003	-1.0	0.259585707923	-0.00672918254082	0.0167765860205	-0.0	-0.322363715181	0.110000509784	0.161217044532	0.326923747451	0.149445294708	0.276885276906	-0.0	-0.0	0.531822711991																						0	0	0	0	0	0	0	29	18
2017-06-14_13-27-35	score	80	200	10	800	4	0	100	1497446855.73	16251	G1_51	1	search	51	1	14.6413829083	6.38961333413	12.0863453486	7.10115154366	5.53367055677	-18.4467086198	1.86846134612	-2.81906032937	14.9696141399	-10.17521972	-17.0376243683	0.0	-8.00372278583	8.05244681008	-3.32725002382	12.5082611959	3.20472858399	-8.47028271728	0.0	-0.0	5.21638852346	0.793712483352	0.346382298644	0.655203353495	0.384954936408	0.299981458527	-1.0	0.101289687208	-0.152821860392	0.811505968273	-0.551600826452	-0.923613242855	0.0	-0.433883515526	0.43652485525	-0.180370931878	0.678075501368	0.17372901855	-0.459175828701	0.0	-0.0	0.282781531979																						1	1	0	0	0	40	0	36	18
2017-06-14_13-27-35	score	80	200	10	800	4	0	100	1497446855.73	7371	G1_52	1	search	52	1	-6.03341237163	-9.6372872669	7.66409417396	0.157606709616	7.90023049534	2.27661752699	-17.5471430648	0.625286267517	9.08099236546	5.33959305471	-12.6262117481	-0.0	-8.07005869552	18.624904839	4.97994330996	12.3199979314	-19.221707919	-15.3105449857	0.0	0.0	-1.37753662002	-0.313885342398	-0.501375179954	0.398720769573	0.0081994123665	0.411005646774	0.118439918897	-0.91288157841	0.0325302137642	0.472434208434	0.277789730092	-0.656872521493	-0.0	-0.419840876239	0.968951610203	0.259079127149	0.640941896701	-1.0	-0.796523651814	0.0	0.0	-0.0716656722613																						1	1	0	0	0	40	0	36	18
2017-06-14_13-27-35	score	80	200	10	800	4	0	100	1497446855.73	68095	G1_53	1	search	53	1	-16.2611441782	3.86016461474	4.72928878927	8.53683570145	7.70251896001	-0.546598377936	-20.574290532	-4.15733721429	-1.98608667827	0.487455704666	11.362915432	-0.0	-2.20770918639	-14.4290760166	2.93281529203	-8.58431132916	8.28345701651	12.422038827	-0.0	0.0	-3.70841930692	-0.790362328796	0.187620788611	0.229864003423	0.414927342848	0.374375920668	-0.0265670583919	-1.0	-0.20206466939	-0.0965324503016	0.0236924672521	0.552287108723	-0.0	-0.10730426806	-0.70131584825	0.14254757837	-0.417234864833	0.402612036785	0.603765111979	-0.0	0.0	-0.180245306692																						0	0	0	0	0	0	0	26	18
2017-06-14_13-27-35	score	80	200	10	800	4	0	100	1497446855.73	15540	G1_54	1	search	54	1	16.732656709	0.87582265466	16.8001294794	-2.28223389001	-5.15732094259	-2.16794318467	2.46845266901	-7.91001025459	-1.32678915988	4.94972453847	9.22132026537	-0.0	-14.7105021522	-6.91765045051	-8.55386184946	-1.49487338269	-10.9408274951	1.81884206628	-0.0	0.0	-11.4868069657	0.99598379462	0.0521318990865	1.0	-0.135846208376	-0.306981023504	-0.129043242633	0.146930574079	-0.470830314986	-0.0789749365627	0.294624189923	0.548883880727	-0.0	-0.875618379625	-0.411761734277	-0.509154519312	-0.0889798727158	-0.651234712714	0.108263574308	-0.0	0.0	-0.683733240257																						0	0	0	0	0	0	0	33	18
2017-06-14_13-27-35	score	80	200	10	800	4	0	100	1497446855.73	23394	G1_55	1	search	55	1	-8.55051441791	7.68939517475	-3.96218155906	9.95707993556	-11.8304283741	14.0314431229	-1.75554849575	0.84963817048	11.7031624124	-2.7685175472	6.17765667314	-0.0	7.58289735937	1.55651611852	-13.6584912822	-10.233940811	-16.2715798153	-1.82295819845	0.0	-0.0	-8.19503331176	-0.525487661	0.472565986957	-0.243503188015	0.611930743579	-0.727060832962	0.862328260819	-0.107890476259	0.0522160835104	0.719239468155	-0.17014436082	0.379659304337	-0.0	0.466020966953	0.095658573795	-0.839407816407	-0.62894574019	-1.0	-0.11203326408	0.0	-0.0	-0.503640912855																						1	1	0	0	0	40	0	35	18
2017-06-14_13-27-35	score	80	200	10	800	4	0	100	1497446855.73	2267	G1_56	1	search	56	1	-3.72633554976	1.7316381528	5.37324838416	-4.25972615505	2.59108610194	1.32634464643	-13.4293675245	-22.9346545272	-4.33692889043	10.78136796	9.62191794682	0.0	-2.22432970943	-15.7767573012	0.242280362354	-17.9826213291	8.24353143554	-7.04436725511	0.0	0.0	-5.6349239568	-0.162476201477	0.0755031278426	0.234285124189	-0.185733172915	0.112976896986	0.0578314639469	-0.585549152639	-1.0	-0.189099377332	0.470090706933	0.419536206023	0.0	-0.0969855336946	-0.687900368521	0.0105639420932	-0.784080759	0.359435605439	-0.307149481879	0.0	0.0	-0.245694738942																						0	0	0	0	0	0	0	30	18
2017-06-14_13-27-35	score	80	200	10	800	4	0	100	1497446855.73	92509	G1_57	1	search	57	1	-0.332799079932	-2.37812937501	19.9949690347	9.1979907593	10.8045106017	-7.71752121017	9.88745993215	0.208269830244	-9.19635332296	-5.73554116368	-10.9741481325	-0.0	-14.7389285265	5.86496613391	8.27717624199	-13.7294699323	-2.40069527549	-11.0578819244	0.0	0.0	-9.04775509855	-0.0166441408014	-0.118936386992	1.0	0.460015254004	0.540361457074	-0.385973151386	0.494497386568	0.010416111667	-0.459933361588	-0.286849214606	-0.548845467748	-0.0	-0.737131850565	0.293322091359	0.41396294376	-0.686646221283	-0.120064965909	-0.553033210763	0.0	0.0	-0.452501580915																						2	2	0	0	0	80	0	37	18
2017-06-14_13-27-35	score	80	200	10	800	4	0	100	1497446855.73	58984	G1_58	1	search	58	1	9.16601667319	7.42680698995	17.2938674599	-1.27306450037	-1.84767002879	-3.92598361228	8.53255960506	2.71331046053	-15.4910217974	13.2883885867	1.94555414679	-0.0	-7.32179092241	10.4261678386	-14.1155313151	5.68836549307	14.2248319445	-9.7850331347	-0.0	0.0	-6.41887261167	0.530015434341	0.429447433154	1.0	-0.0736136380901	-0.106839608495	-0.227015942003	0.493386434518	0.156894371188	-0.895752314128	0.768387326754	0.112499656384	-0.0	-0.42337498766	0.602882372194	-0.816215999562	0.328923851548	0.822536195418	-0.565809421022	-0.0	0.0	-0.371164670168																						0	0	0	0	0	0	0	29	18
2017-06-14_13-27-35	score	80	200	10	800	4	0	100	1497446855.73	19347	G1_59	1	search	59	1	17.8167753903	8.75374592486	-17.8442628594	12.5917308366	20.3154483217	-1.66386195688	2.97416106896	-8.37544334831	-8.66383714746	20.9354164496	0.878825627076	-0.0	10.9973078013	-2.81795194679	-0.232552714428	-2.15990114525	-0.258481186034	13.8184166607	0.0	0.0	-15.4642051218	0.851035155342	0.418130967012	-0.852348120343	0.601455952257	0.970386635043	-0.0794759426397	0.142063621047	-0.400060986056	-0.413836389084	1.0	0.0419779386377	-0.0	0.525296825491	-0.134602144341	-0.0111081007148	-0.103169724398	-0.0123465987245	0.660049762752	0.0	0.0	-0.738662407744																						1	1	0	0	0	40	0	32	18
2017-06-14_13-27-35	score	80	200	10	800	4	0	100	1497446855.73	30589	G1_60	1	search	60	1	14.9981686766	-3.55748813514	11.2884100991	-3.37757976612	5.44409442122	0.147504541502	9.41812656024	-19.8759819408	-9.08374721991	0.582533527907	1.39348272537	0.0	-1.95333914228	4.39555482077	0.506731748353	-12.5361384659	-26.4103380246	2.98775204736	-0.0	-0.0	-4.10744062977	0.567890068754	-0.1347005908	0.427423915913	-0.127888547393	0.206134976998	0.00558510615672	0.356607573575	-0.752583398299	-0.343946647387	0.0220570265842	0.0527627750949	0.0	-0.0739611564405	0.166433114816	0.0191868709852	-0.47466785371	-1.0	0.113128125985	-0.0	-0.0	-0.155523970422																						0	0	0	0	0	0	0	28	18
2017-06-14_13-27-35	score	80	200	10	800	4	0	100	1497446855.73	54796	G1_61	1	search	61	1	-8.3810606011	6.82738941248	6.08178440698	-3.98678694765	-3.26147478394	0.965699865182	-7.70117991348	-5.56149079813	-0.0467424210932	1.21113279477	-15.6723154078	-0.0	5.6748317691	-9.17758702775	-5.45350254927	0.316419100827	-4.03071354351	-11.2297171731	0.0	-0.0	-4.73149859308	-0.534768499931	0.435633742355	0.388059086913	-0.254384042428	-0.208104207902	0.0616181999948	-0.491387501659	-0.354860826458	-0.00298248343508	0.0772784852304	-1.0	-0.0	0.362092748992	-0.58559228735	-0.347970443891	0.0201896843314	-0.257186857118	-0.716532106512	0.0	-0.0	-0.301901695439																						19	11	1	2	0	1680	1	88	18
2017-06-14_13-27-35	score	80	200	10	800	4	0	100	1497446855.73	6236	G1_62	1	search	62	1	3.10506352314	3.1922747712	-9.62733757617	-6.93484147021	0.705232543197	-0.698434707368	-15.3371237126	2.54201637269	-3.72930859067	5.23372783954	-1.88501906077	-0.0	-1.57958750846	5.97605634875	15.7108342022	5.20222148454	-4.54150702183	1.30278246546	0.0	0.0	4.396633533	0.197638361094	0.203189387025	-0.612783347611	-0.441405044504	0.0448882939073	-0.044455609319	-0.976213198817	0.161800216333	-0.237371774323	0.33312857689	-0.119982111485	-0.0	-0.100541288141	0.380378041792	1.0	0.33112318656	-0.289068483786	0.0829225519593	0.0	0.0	0.279847236399																						0	0	0	0	0	0	0	37	18
2017-06-14_13-27-35	score	80	200	10	800	4	0	100	1497446855.73	70779	G1_63	1	search	63	1	14.2136512525	-3.39810527205	0.91165383361	10.4638637737	24.1711691567	-7.26656116875	-3.30559594758	11.3870756248	-7.38844453995	6.62735270974	-2.5201817284	-0.0	8.55049351948	8.93356090879	28.184114883	-13.1896075568	13.8602618063	-3.10732107432	-0.0	0.0	-2.85604552024	0.504314267504	-0.120568103208	0.0323463709041	0.37126813516	0.857616755289	-0.257824707248	-0.117285781771	0.404024595843	-0.262149248632	0.235144965071	-0.0894185160279	-0.0	0.303379884554	0.316971490709	1.0	-0.467980194217	0.49177566384	-0.110250795074	-0.0	0.0	-0.101335292312																						0	0	0	0	0	0	0	25	18
2017-06-14_13-27-35	score	80	200	10	800	4	0	100	1497446855.73	42837	G1_64	1	search	64	1	1.49436890585	-15.3642091586	2.75104395196	0.349843219133	-15.1301330924	-24.2389639712	-5.80801307041	5.08044351244	8.34438715919	3.55498568068	-6.78927885319	-0.0	6.84842050227	8.90442809849	8.50421791418	-20.0452497606	-3.46603464563	6.65569953947	0.0	-0.0	-16.7450783001	0.0616515172689	-0.633864103138	0.113496763114	0.0144330929139	-0.624207087001	-1.0	-0.239614740849	0.209598212138	0.344255107979	0.146664093602	-0.280097732777	-0.0	0.282537674069	0.367360094643	0.350849067819	-0.826984593254	-0.142994339599	0.274586799476	0.0	-0.0	-0.69083308676																						0	0	0	0	0	0	0	32	18
2017-06-14_13-27-35	score	80	200	10	800	4	0	100	1497446855.73	34623	G1_65	1	search	65	1	-7.78107032617	14.3371541601	0.723088814658	11.1352959057	13.1160480933	-17.3109802327	-0.0549820296596	25.017595669	-16.1352103197	10.2340370972	22.3146779576	0.0	7.14783401314	-3.76879923177	-1.73629172077	-19.3727937289	2.47669891875	-2.62186957501	-0.0	0.0	-8.72149291199	-0.311023906099	0.573082815383	0.0289032097339	0.445098563948	0.524272926416	-0.691952194837	-0.00219773436213	1.0	-0.644954476569	0.409073566965	0.891959333455	0.0	0.285712268585	-0.150645940626	-0.0694028212678	-0.774366729128	0.098998279112	-0.104801021237	-0.0	0.0	-0.348614352369																						0	0	0	0	0	0	0	28	18
2017-06-14_13-27-35	score	80	200	10	800	4	0	100	1497446855.73	85714	G1_66	1	search	66	1	-6.48389400798	3.55460330676	-2.5612738424	-2.70213774185	-8.49754326679	13.846990184	9.84562163158	-11.5431204292	-7.7161906476	0.125474879779	-12.3041511678	0.0	-10.0183324961	10.2229753158	-16.1389377537	1.7853103944	1.61293325102	8.50303843241	0.0	0.0	-2.49629308474	-0.401754694572	0.220250140437	-0.158701513165	-0.167429714587	-0.526524322508	0.857986466969	0.61005388222	-0.715234212147	-0.478110193207	0.00777466780609	-0.76238915817	0.0	-0.620755383591	0.633435451069	-1.0	0.110621307402	0.0999404840415	0.526864813667	0.0	0.0	-0.154675178926																						0	0	0	0	0	0	0	28	18
2017-06-14_13-27-35	score	80	200	10	800	4	0	100	1497446855.73	47560	G1_67	1	search	67	1	1.83050540839	-0.105933857548	8.1986676775	-9.18520319185	-4.056056565	-12.1469254643	-12.3049503256	-8.9447590774	-13.8399085803	5.05386526823	1.07056667076	-0.0	4.21534083175	6.59126533731	-2.26298853108	-5.95248825315	2.19818143025	2.64033084444	0.0	-0.0	19.7849610025	0.092520041266	-0.00535426163009	0.414388872259	-0.464251771368	-0.205007053817	-0.61394740494	-0.621934525118	-0.452098898566	-0.699516596396	0.255439738678	0.0541101228666	-0.0	0.213057828682	0.333145227655	-0.114379226261	-0.300859236083	0.111103652414	0.13345140504	0.0	-0.0	1.0																						0	0	0	0	0	0	0	28	18
2017-06-14_13-27-35	score	80	200	10	800	4	0	100	1497446855.73	60212	G1_68	1	search	68	1	-7.34599662296	3.76619720312	0.21823663238	1.58503468539	2.1528742743	-12.9942299981	-3.47322563232	-23.202282591	13.2653591651	7.47009210049	-13.1238449094	-0.0	8.41521403354	-8.09980084719	-4.17295702503	5.41186801205	-2.55172303553	0.442411099999	0.0	-0.0	7.08199118132	-0.316606635323	0.162320116063	0.00940582597957	0.0683137393559	0.0927871758245	-0.560041019546	-0.149693273439	-1.0	0.571726471872	0.321955052102	-0.565627319551	-0.0	0.362689058739	-0.349095000261	-0.179851142173	0.233247224312	-0.109977241486	0.0190675679543	0.0	-0.0	0.30522820992																						0	0	0	0	0	0	0	33	18
2017-06-14_13-27-35	score	80	200	10	800	4	0	100	1497446855.73	64984	G1_69	1	search	69	1	0.600211678867	-8.06686612222	17.6104821065	-7.20223201256	-7.74017922474	-2.49855454571	-11.9005019828	-6.43811519319	0.59390572616	-8.07318213521	-11.7295712553	0.0	18.5696449739	-3.42028867339	-1.9770520589	8.81876659081	5.23971441099	-4.80605424403	0.0	-0.0	2.55223440884	0.0323221946198	-0.43441143509	0.948347808009	-0.387849742022	-0.416818912565	-0.134550474671	-0.640857808512	-0.346701038294	0.0319826107066	-0.434751560763	-0.631652962228	0.0	1.0	-0.184187079408	-0.10646687439	0.474902272134	0.282165567428	-0.258812392525	0.0	-0.0	0.137441206465																						2	2	0	0	0	80	0	43	18
2017-06-14_13-27-35	score	80	200	10	800	4	0	100	1497446855.73	31292	G1_70	1	search	70	1	19.6026909419	-20.9204852585	-15.2245858728	-15.989598015	15.3659156276	-12.4002150724	2.05755387075	22.555494311	-13.2916203411	1.04518695438	-0.375525505733	-0.0	18.0395785281	9.42936659032	-17.7436713014	14.1703655698	-7.13869537786	-2.52341304914	0.0	-0.0	-4.0683267285	0.869087179895	-0.927511717103	-0.674983472445	-0.708900359021	0.681249340659	-0.549764722573	0.0912218478735	1.0	-0.589285260514	0.0463384637007	-0.0166489592538	-0.0	0.799786441357	0.418051870657	-0.78666736613	0.62824451437	-0.316494743118	-0.111875759154	0.0	-0.0	-0.180369655056																						0	0	0	0	0	0	0	38	18
2017-06-14_13-27-35	score	80	200	10	800	4	0	100	1497446855.73	84285	G1_71	1	search	71	1	-11.3099026423	-4.65688622784	8.9957822215	8.44896254421	-3.63510155971	0.173860248317	-4.07706909187	-11.5332560524	-4.63658587661	-1.57038527216	-2.16793950873	-0.0	4.30724000797	6.42250651474	3.41897658186	-12.9786057458	-8.0236269246	7.73036989979	0.0	-0.0	18.8424352228	-0.600235718398	-0.247148851663	0.477421422186	0.448400774333	-0.192921006055	0.00922705830016	-0.216376972704	-0.61208946275	-0.246071477587	-0.0833430102635	-0.115056227239	-0.0	0.228592533664	0.340853315339	0.181450886865	-0.68879662275	-0.425827491497	0.410263843734	0.0	-0.0	1.0																						1	1	0	0	0	40	0	32	18
2017-06-14_13-27-35	score	80	200	10	800	4	0	100	1497446855.73	11892	G1_72	1	search	72	1	-19.3513300774	2.8255648111	-7.09244946978	-6.84053804097	-7.05301604557	-7.74970068374	-5.80273136991	-2.63584131668	-2.60603091265	2.4635422557	7.44728560003	-0.0	-17.4269112198	5.64408756805	11.4588176605	5.09113067453	14.4184363188	-0.315199100159	-0.0	0.0	14.376886427	-1.0	0.146013984558	-0.366509663233	-0.353491879556	-0.364471900245	-0.400473799617	-0.299862146256	-0.136209826722	-0.134669343256	0.127306094509	0.384846187329	-0.0	-0.90055366479	0.291664063683	0.59214625634	0.263089444196	0.745087612123	-0.0162882395627	-0.0	0.0	0.742940478486																						310	178	49	10	1	253600	31	800	18
2017-06-14_13-27-35	score	80	200	10	800	4	0	100	1497446855.73	6995	G1_73	1	search	73	1	2.46447635364	-5.08845330677	13.0529807135	13.3359343634	5.77393062328	7.11311676518	-4.40062343798	-1.47739206121	-4.25420153717	-2.12805379822	3.30639406316	0.0	-0.385079115586	2.69575395438	4.71346714232	8.27022863302	21.2517474948	-1.24284865658	0.0	-0.0	9.83592658369	0.115965821363	-0.239436936093	0.614207406554	0.627521777524	0.271692039663	0.334707381918	-0.207071133282	-0.0695186154255	-0.200181257481	-0.100135473506	0.155582220425	0.0	-0.018119880056	0.126848578219	0.221791979387	0.389155227589	1.0	-0.0584821863181	0.0	-0.0	0.462829072578																						0	0	0	0	0	0	0	29	18
2017-06-14_13-27-35	score	80	200	10	800	4	0	100	1497446855.73	84831	G1_74	1	search	74	1	14.3504092198	6.16412877374	2.68045070117	-26.0165784684	0.193768721367	-2.26701143524	9.42107717921	23.2997162168	11.7773856762	5.88481749478	-12.5361451744	0.0	7.61028156103	5.23197150693	9.87792161861	-14.2326203058	-6.98730644655	0.89306596302	0.0	-0.0	-7.7391130785	0.551587105783	0.236930800921	0.103028563284	-1.0	0.00744789410348	-0.0871371859291	0.362118223603	0.895571884869	0.452687723351	0.226194904989	-0.481852184737	0.0	0.292516618597	0.201101444346	0.379677966902	-0.547059649796	-0.268571305602	0.0343268029693	0.0	-0.0	-0.297468519464																						1	1	0	0	0	40	0	32	18
2017-06-14_13-27-35	score	80	200	10	800	4	0	100	1497446855.73	69949	G1_75	1	search	75	1	26.5198985811	10.3333716838	-8.83719411654	6.44982202981	-1.34545297862	-0.034597468935	-4.12837537401	-23.6433802826	6.99718955875	4.86043073952	-3.16445128419	0.0	0.682574676176	-3.64330997307	-10.889734929	-8.82879913702	-9.7553259524	3.82728020877	-0.0	0.0	2.006553677	1.0	0.389645972897	-0.333228805137	0.243206888974	-0.050733715082	-0.00130458526563	-0.155670858295	-0.891533586007	0.263846769148	0.183274861503	-0.119323657084	0.0	0.0257382083905	-0.137380237784	-0.410625059357	-0.332912251154	-0.367849293336	0.144317301858	-0.0	0.0	0.0756621927066																						0	0	0	0	0	0	0	28	18
2017-06-14_13-27-35	score	80	200	10	800	4	0	100	1497446855.73	85508	G1_76	1	search	76	1	2.46380767212	10.3112787514	-6.52645279654	21.7038449713	13.8604349736	-2.30627810894	-3.74244454038	3.10115054006	-15.7773858467	-5.73023033873	-1.92459439679	0.0	7.43930704861	9.26109029188	12.6029516617	-4.90091951849	5.94585974409	10.777168622	-0.0	0.0	-0.795007354003	0.113519409827	0.47508995595	-0.300704912201	1.0	0.638616567337	-0.106261269005	-0.172432329171	0.142884845711	-0.726939667491	-0.264019133305	-0.0886752738666	0.0	0.342764475992	0.426702748021	0.580678293563	-0.225808815211	0.273954211889	0.49655573177	-0.0	0.0	-0.0366297932488																						0	0	0	0	0	0	0	27	18
2017-06-14_13-27-35	score	80	200	10	800	4	0	100	1497446855.73	29233	G1_77	1	search	77	1	0.997303277034	-3.1817953347	-2.88451798634	-1.24229896669	1.85732364944	1.48336867247	-1.30604532023	-3.69915540763	6.09743321454	-15.4623632859	4.33039159034	0.0	-3.11967933901	-6.82912613419	6.95505350421	4.01975827507	-0.649589935983	-5.20788663546	0.0	-0.0	5.84147768398	0.0644987611914	-0.205776780423	-0.186550912884	-0.0803434082949	0.120119002192	0.0959341495889	-0.0844660868507	-0.239236094718	0.39434031537	-1.0	0.280060137656	0.0	-0.201759542272	-0.441661213613	0.44980533542	0.259970497442	-0.0420110382851	-0.33681052108	0.0	-0.0	0.377786860647																						23	11	3	2	0	2400	2	96	18
2017-06-14_13-27-35	score	80	200	10	800	4	0	100	1497446855.73	66429	G1_78	1	search	78	1	21.899582416	-2.81414832835	4.75892688702	-18.7261538292	7.17015389436	7.5020374798	-8.02442259614	6.40688897551	-10.7449702375	0.161053819872	1.34754018877	-0.0	23.7502482484	-4.16711179936	3.85937204739	-2.15191032941	-5.48834022582	18.3285401938	-0.0	-0.0	-13.9758568709	0.922078042597	-0.118489217415	0.200373774508	-0.788461393473	0.301898060996	0.315871960636	-0.337866893525	0.269760926644	-0.452415070578	0.00678114258797	0.0567379412072	-0.0	1.0	-0.175455504961	0.162498177157	-0.0906058036493	-0.231085594072	0.77171994171	-0.0	-0.0	-0.588450980586																						0	0	0	0	0	0	0	26	18
2017-06-14_13-27-35	score	80	200	10	800	4	0	100	1497446855.73	49677	G1_79	1	search	79	1	-14.6046027444	-6.44805114591	3.1387064275	-6.19708467857	-7.94405082666	23.2717096246	-11.428060818	-9.98161196324	-4.62858136258	22.7682952222	-2.6357363991	0.0	14.8430977228	4.5609588054	-23.8842054264	6.67335501983	-9.98366900495	6.9440321704	-0.0	-0.0	8.16221836751	-0.611475344633	-0.269971348462	0.131413474782	-0.259463715369	-0.332606870726	0.974355613224	-0.478477747699	-0.417916852792	-0.19379256207	0.953278319951	-0.110354786858	0.0	0.621460813028	0.190961295299	-1.0	0.279404522809	-0.4180029784	0.290737416063	-0.0	-0.0	0.341741256274																						0	0	0	0	0	0	0	34	18
2017-06-14_13-27-35	score	80	200	10	800	4	0	100	1497446855.73	23800	G1_80	1	search	80	1	-17.6081908392	-4.49934478105	3.48627716057	-6.50472472552	7.0745693407	-13.749387829	19.08994767	14.7344362303	7.81331521101	6.22762963211	-0.00899119293227	0.0	-1.55836993608	-4.55870386337	-3.93533933535	-10.8013334706	0.581221538836	-0.0354789086285	0.0	-0.0	6.24674977005	-0.922380257062	-0.235691834196	0.182623714891	-0.340740835856	0.370591342784	-0.720242300643	1.0	0.771842672649	0.409289503883	0.326225599973	-0.000470990968005	0.0	-0.0816330124637	-0.238801276053	-0.20614720393	-0.56581262858	0.0304464710372	-0.00185851261836	0.0	-0.0	0.327227181448																						0	0	0	0	0	0	0	24	17
2017-06-14_13-27-35	score	80	200	10	800	4	0	100	1497446855.73	59844	G1_81	1	search	81	1	-2.74142312885	-3.02248530967	-11.2177425256	3.95905609558	-20.5950647195	2.93739603001	-8.65240254904	8.39675855307	3.37343221477	-9.01496467973	13.9531777891	0.0	-8.93477025	5.01604559204	-12.2471350441	-26.9305872919	19.4371546461	-8.01318721994	0.0	0.0	-23.9320653506	-0.101795891012	-0.1122324321	-0.416542810745	0.147009645674	-0.764746215752	0.109072854527	-0.321285327173	0.311792626802	0.125263967629	-0.334748165052	0.518116357355	0.0	-0.331770345487	0.186258306871	-0.454766727191	-1.0	0.721750121355	-0.297549664739	0.0	0.0	-0.888657387644																						19	14	1	1	0	1500	1	83	18
2017-06-14_13-27-35	score	80	200	10	800	4	0	100	1497446855.73	81162	G1_82	1	search	82	1	-3.87042108676	9.48765826871	11.2152176165	6.89873802204	4.50360903496	6.50679868212	-7.39833544652	19.2318876628	1.88362533649	10.3111543727	6.1136468113	-0.0	-15.0639837028	-5.21625278501	-0.149132908035	4.64125310052	-2.55334211512	-3.04527497396	0.0	0.0	-0.22922295878	-0.201250192109	0.493329538683	0.583157400519	0.358713514918	0.234174050614	0.338333854492	-0.384691070176	1.0	0.0979428212929	0.536148845785	0.317891146126	-0.0	-0.783281598088	-0.271229370536	-0.00775446023029	0.241331125779	-0.132766068515	-0.158345089538	0.0	0.0	-0.0119189006715																						0	0	0	0	0	0	0	29	18
2017-06-14_13-27-35	score	80	200	10	800	4	0	100	1497446855.73	29630	G1_83	1	search	83	1	-14.9828937441	0.92070847419	-8.65102700864	-3.3091174898	-8.5442969284	-10.9167263756	3.89769374324	-8.29905372834	-12.9152142734	2.01957009602	-13.9837621051	0.0	-5.40160211519	0.031509589853	-10.1218544214	-1.50905184726	0.390201910637	-0.681398066945	0.0	-0.0	-24.3691767772	-0.614829703976	0.0377816814498	-0.354998738273	-0.135791106941	-0.350619021994	-0.447972718794	0.159943595095	-0.34055535828	-0.529981557914	0.0828739564937	-0.573829893105	0.0	-0.221657143554	0.00129301002414	-0.41535479487	-0.0619246132546	0.0160121088293	-0.0279614725263	0.0	-0.0	-1.0																						21	21	0	0	0	1320	2	96	18
2017-06-14_13-27-35	score	80	200	10	800	4	0	100	1497446855.73	82729	G1_84	1	search	84	1	-3.62905571349	18.9574743445	-12.2261344599	1.52492673926	-2.90022485732	1.01245765416	1.09623060327	-1.091362534	-16.5506340259	4.91494182484	8.22985508209	-0.0	0.389092820996	-0.86578038946	-7.5699057666	-0.536324471745	6.84056891828	-1.78286788393	0.0	-0.0	4.0683122189	-0.191431392576	1.0	-0.644924225543	0.0804393407872	-0.152985825254	0.053406779604	0.0578257727456	-0.0575689838303	-0.873040032926	0.259261425628	0.43412191585	-0.0	0.0205245073223	-0.0456696062845	-0.399309825194	-0.0282909243077	0.360837566966	-0.0940456440315	0.0	-0.0	0.214602016333																						8	1	2	1	0	540	0	59	18
2017-06-14_13-27-35	score	80	200	10	800	4	0	100	1497446855.73	47997	G1_85	1	search	85	1	-9.24760360429	-19.6698940978	-13.928797537	-9.33629068652	27.2075568873	6.62106242424	14.7028276347	-2.12294132959	10.3895204828	-17.8698222974	8.33074820525	0.0	3.84465176276	7.61924749703	-1.64900992815	1.94311485275	-4.0657791278	12.8339688918	-0.0	0.0	10.9042326321	-0.339890995821	-0.722957014453	-0.511945912481	-0.343150644697	1.0	0.243353802463	0.540394997447	-0.0780276354245	0.381861573451	-0.656796285362	0.306192439099	0.0	0.141308232073	0.280041590231	-0.0606085263364	0.0714182041704	-0.149435656595	0.471706039061	-0.0	0.0	0.400779558314																						0	0	0	0	0	0	0	33	18
2017-06-14_13-27-35	score	80	200	10	800	4	0	100	1497446855.73	10677	G1_86	1	search	86	1	14.0409883735	-1.10880873043	-28.3226241905	13.3864169785	19.8041180311	1.28118806908	1.41908684496	-3.74791364107	3.29275681553	-7.96919102897	-0.487863479897	0.0	-2.18768437744	13.1457771946	-12.5925956496	7.63972091739	5.48699004734	1.36657350256	-0.0	-0.0	-3.35990060703	0.495751674669	-0.0391492230019	-1.0	0.472640419493	0.699233160666	0.0452355000886	0.0501043559882	-0.132329321459	0.116258888773	-0.2813719158	-0.0172252216679	0.0	-0.0772415847742	0.464144039274	-0.444612602453	0.269739162092	0.19373169698	0.048250243105	-0.0	-0.0	-0.118629565694																						2	2	0	0	0	80	0	37	18
2017-06-14_13-27-35	score	80	200	10	800	4	0	100	1497446855.73	51459	G1_87	1	search	87	1	8.83639182068	10.0168936762	4.86075909622	-0.873439003641	6.53837759511	-10.0707487028	-10.4697892211	-16.8880535201	-10.8417685908	1.83030272791	30.2268093869	0.0	-6.06095979198	0.887603166538	-3.68668554564	-8.65262821178	1.12876208662	-0.199798108302	0.0	0.0	6.66421330105	0.292336240573	0.331391035951	0.160809532822	-0.0288961693727	0.216310544438	-0.333172733313	-0.346374276129	-0.558711086703	-0.358680549177	0.0605522966212	1.0	0.0	-0.200516029145	0.0293647654033	-0.121967406432	-0.286256749795	0.0373430775365	-0.00660996355073	0.0	0.0	0.220473594012																						0	0	0	0	0	0	0	26	18
2017-06-14_13-27-35	score	80	200	10	800	4	0	100	1497446855.73	3531	G1_88	1	search	88	1	9.51727627972	18.2281389186	6.39168956226	6.9103579007	-9.32920798454	16.2599921426	12.9761960584	13.3744429181	10.8194184278	5.95782221828	4.2137989605	0.0	10.9677214027	8.33166377875	-15.5944883811	-15.2024578253	12.6024289994	-3.13783299275	0.0	-0.0	-8.63764788556	0.52212002126	1.0	0.350649596802	0.379103864172	-0.511802550232	0.892027003699	0.711877176072	0.733725092717	0.593555846601	0.326847531988	0.231170004755	0.0	0.601691782777	0.457077039842	-0.855517310392	-0.834010421646	0.691372227064	-0.172142258009	0.0	-0.0	-0.473863400105																						0	0	0	0	0	0	0	28	18
2017-06-14_13-27-35	score	80	200	10	800	4	0	100	1497446855.73	69034	G1_89	1	search	89	1	-8.68745395471	-28.672560157	-18.0472761775	-18.0276582194	6.08193394913	4.38361268459	10.506687013	5.14043625485	-3.21680083972	6.5517522988	13.7346264305	0.0	2.74201322628	4.17787427671	-1.17583531333	-2.82788358128	12.9377753021	15.3367364203	-0.0	-0.0	11.7171556439	-0.302988428907	-1.0	-0.62942674385	-0.628742537141	0.212116878152	0.152885290347	0.366437003025	0.179280686018	-0.112190917801	0.228502521677	0.479016396	0.0	0.0956319634965	0.145709844319	-0.0410090800017	-0.098626825292	0.451224977163	0.534892466396	-0.0	-0.0	0.408653973686																						0	0	0	0	0	0	0	31	18
2017-06-14_13-27-35	score	80	200	10	800	4	0	100	1497446855.73	31658	G1_90	1	search	90	1	17.6585590544	18.9078684652	14.3264414604	7.06531015991	-15.4314510376	-22.3875909865	0.695622057476	2.69049003614	-4.99459473687	-18.0590167333	-11.553342887	-0.0	-7.86318132258	-0.571547896894	20.9737124582	26.9446887457	5.85270925055	-9.22031564013	-0.0	-0.0	-5.02005474796	0.655363259937	0.70172896201	0.531698161207	0.262215319189	-0.572708454095	-0.830872132084	0.0258166670263	0.0998523331085	-0.185364721931	-0.670225472029	-0.42877997204	-0.0	-0.29182676396	-0.0212118945699	0.778398765566	1.0	0.217211982138	-0.342194178866	-0.0	-0.0	-0.186309620992																						3	3	0	0	0	120	0	47	18
2017-06-14_13-27-35	score	80	200	10	800	4	0	100	1497446855.73	95860	G1_91	1	search	91	1	-4.15959798453	7.24794290336	-2.00458851856	-0.615538059621	6.40647740736	-4.46431109625	2.96274060245	-0.925880011985	4.20098714724	-2.75629523287	1.10175804637	-0.0	-12.5210037596	26.2215328944	3.68070805767	8.31529251277	-16.7577308508	11.9014993998	0.0	0.0	0.624393960594	-0.158632906828	0.276411868541	-0.076448181982	-0.0234745261499	0.24432123908	-0.17025362759	0.112988840675	-0.0353099117322	0.160211348595	-0.10511571707	0.0420173012314	-0.0	-0.477508458792	1.0	0.140369675277	0.317116949121	-0.639082807182	0.453882671458	0.0	0.0	0.0238122600653																						0	0	0	0	0	0	0	22	18
2017-06-14_13-27-35	score	80	200	10	800	4	0	100	1497446855.73	48777	G1_92	1	search	92	1	-3.03887435113	-1.66680693852	17.2815179547	-8.11420850239	0.419668513201	-9.26819273787	15.2723317214	-1.08078664067	12.0529694763	23.2410216885	-13.3021417559	-0.0	11.9628250905	-5.37188840199	-11.5531351288	-17.8113023066	16.0610873951	8.07781471053	0.0	0.0	15.8178488713	-0.130754765942	-0.0717183160388	0.743578237925	-0.349133037744	0.0180572316839	-0.398785942464	0.657128241869	-0.0465034048482	0.518607556837	1.0	-0.572356152589	-0.0	0.514728881152	-0.231138220771	-0.497101000275	-0.766373464356	0.691066322746	0.347567108658	0.0	0.0	0.680600409196																						0	0	0	0	0	0	0	24	18
2017-06-14_13-27-35	score	80	200	10	800	4	0	100	1497446855.73	97205	G1_93	1	search	93	1	-5.55131451821	10.1743545711	17.5274643544	14.5832544009	-4.50057276116	-17.4408549153	-1.79139419285	-13.7618659852	-0.13494274622	12.0814065369	-0.742965145587	0.0	9.40190169862	-14.1175363347	0.0436312151853	-0.792948502545	-14.587170833	8.13366831147	-0.0	-0.0	-7.49751147132	-0.316720913303	0.580480688213	1.0	0.832023052855	-0.256772609555	-0.995058644121	-0.102204982799	-0.785160118257	-0.00769893143081	0.689284330728	-0.0423886268182	0.0	0.536409688734	-0.80545229186	0.00248930560081	-0.0452403431844	-0.832246498298	0.464052765821	-0.0	-0.0	-0.427757907233																						0	0	0	0	0	0	0	29	18
2017-06-14_13-27-35	score	80	200	10	800	4	0	100	1497446855.73	71741	G1_94	1	search	94	1	6.98153681365	5.28476501345	-7.88079815322	1.68654894055	13.0637227396	-1.11256981096	-6.34232105392	2.50387508475	-12.5272471201	-2.56369892859	-8.32201994908	-0.0	-3.7783857883	7.32281125758	2.51133148062	8.62609557154	-13.9536204653	13.7742783608	-0.0	0.0	7.85575896577	0.500338735097	0.378737907239	-0.564785187673	0.120868196519	0.936224600067	-0.0797334149744	-0.454528705986	0.179442682347	-0.897777544635	-0.183730017236	-0.5964057837	-0.0	-0.270781751423	0.524796505379	0.179977052326	0.61819766368	-1.0	0.987147270845	-0.0	0.0	0.56299072956																						0	0	0	0	0	0	0	25	18
2017-06-14_13-27-35	score	80	200	10	800	4	0	100	1497446855.73	22120	G1_95	1	search	95	1	3.13611609082	-8.4867623489	-2.94063707788	-14.1988531125	-0.190894202073	14.0216759552	-24.0848825395	-13.8351115174	12.9481971717	-16.8466125558	1.58277761543	0.0	17.6410574537	1.86139399433	8.46476529268	-9.9476857953	-0.000683026973219	2.97665472935	-0.0	0.0	-13.4688840837	0.130210977184	-0.352368849422	-0.122094723653	-0.589533832652	-0.00792589300613	0.582177468883	-1.0	-0.574431346914	0.537606822474	-0.699468329488	0.0657166424971	0.0	0.732453539051	0.0772847445397	0.351455535596	-0.413026128693	-2.83591573303e-05	0.123590170077	-0.0	0.0	-0.5592256496																						0	0	0	0	0	0	0	32	17
2017-06-14_13-27-35	score	80	200	10	800	4	0	100	1497446855.73	59097	G1_96	1	search	96	1	-1.36554774331	-7.84121317607	-29.2392317147	9.9569169134	11.530285365	-5.43823242579	0.798396041917	-12.9643318878	-8.45822431157	-2.66789535597	-9.23510121392	0.0	7.82679991242	-2.71024191856	1.91985515959	-10.7639616314	-10.8574219498	4.41871168212	-0.0	0.0	12.5330221697	-0.0467025863276	-0.268174391605	-1.0	0.340532781797	0.394342966241	-0.185990948013	0.027305643654	-0.443388253643	-0.289276558088	-0.0912436886853	-0.315846233719	0.0	0.267681448979	-0.0926919675936	0.0656602464225	-0.368134215578	-0.371330616882	0.15112270135	-0.0	0.0	0.428637191704																						1	1	0	0	0	40	0	36	18
2017-06-14_13-27-35	score	80	200	10	800	4	0	100	1497446855.73	72819	G1_97	1	search	97	1	7.3070078301	-6.42058598242	-7.18467039206	-6.3080240836	-10.8123116515	-23.4388230473	4.43796555187	13.8870415298	-6.17021584638	-15.4730877536	-3.59824063239	-0.0	4.56705931909	-2.31263924441	-2.27946752358	-0.782920102562	-8.78266303705	5.84839860633	0.0	-0.0	-3.66094546298	0.311748069234	-0.27392953859	-0.306528633182	-0.269127168667	-0.461299256781	-1.0	0.189342508492	0.592480326415	-0.263247682443	-0.660147812131	-0.153516267653	-0.0	0.194850198318	-0.0986670380055	-0.0972517911407	-0.0334027054594	-0.374705804098	0.249517588598	0.0	-0.0	-0.15619152274																						5	5	0	0	0	200	0	52	18
2017-06-14_13-27-35	score	80	200	10	800	4	0	100	1497446855.73	6392	G1_98	1	search	98	1	-0.161134437067	10.8064745303	-6.95159162146	-12.0779084826	-23.7962509099	2.04194704566	7.97529202941	7.6213684636	-0.972197706732	2.0878379832	1.03404290746	-0.0	-0.206585256966	17.8752963555	8.66592564062	-11.8497397667	9.23043428518	2.36204273442	0.0	-0.0	33.3397589892	-0.00483310143662	0.324131753135	-0.20850755471	-0.362267420305	-0.713749937952	0.0612466048817	0.239212647938	0.228596987341	-0.0291603099785	0.0626230676677	0.0310153084128	-0.0	-0.00619636323806	0.536155536135	0.259927663047	-0.355423678095	0.276859658409	0.0708476247589	0.0	-0.0	1.0																						0	0	0	0	0	0	0	32	18
2017-06-14_13-27-35	score	80	200	10	800	4	0	100	1497446855.73	34889	G1_99	1	search	99	1	3.06880001618	-13.8714509995	15.2737625146	4.34686302353	-3.3078083148	6.1709063124	-12.6846823533	-8.38524403677	21.8637512679	12.3278638407	-4.50431900575	0.0	21.2339138626	-3.53817437359	-9.56555139687	12.8764719308	-5.27489480644	-0.254248403315	-0.0	0.0	1.45393618445	0.140360177838	-0.63444972592	0.698588377058	0.198815974911	-0.151291892881	0.282243711831	-0.580169532569	-0.383522659676	1.0	0.56384943689	-0.206017665979	0.0	0.971192619347	-0.16182833084	-0.437507327981	0.588941566935	-0.241262111968	-0.0116287639847	-0.0	0.0	0.0664998502147																						0	0	0	0	0	0	0	28	18
2017-06-14_13-27-35	score	80	200	10	800	4	0	100	1497446855.73	79320	G1_100	1	search	100	1	10.8539739344	3.91205293432	4.19675157401	9.29942158927	-2.10776922712	-6.95952878979	-17.2280207637	14.5582591178	-10.9319378363	1.51473538541	-2.44962427308	0.0	0.946897996664	-3.09752100377	24.9378156531	3.2856396769	5.27298968348	-16.5240491927	0.0	0.0	13.4744515019	0.435241565877	0.156872317477	0.168288659776	0.372904416274	-0.0845210044232	-0.279075316243	-0.69083920594	0.583782449927	-0.438367898309	0.0607404997486	-0.0982293039278	0.0	0.0379703663639	-0.124209796353	1.0	0.13175330681	0.21144553143	-0.662610126828	0.0	0.0	0.540322043009																						3	3	0	0	0	120	0	46	18
2017-06-14_13-27-35	score	80	200	10	800	4	0	100	1497446855.73	9961	G1_101	1	search	101	1	-0.941387708583	-12.0541819549	6.50835534849	15.5166912087	1.73304838549	1.54718344777	4.88961878446	1.31415827605	-19.3067325507	3.69141789593	8.51049057488	7.34511149975	-0.92484144415	4.94582276627	13.511687063	-37.4649260858	1.3218865601	15.4761570364	-0.894199734918	7.38895367565	8.83309561207	-0.0251271737845	-0.32174578237	0.173718622414	0.41416580332	0.0462578888191	0.0412968503989	0.130511902606	0.0350770283929	-0.515328190065	0.0985299660667	0.227158878023	0.196053009231	-0.0246855269921	0.132012078576	0.360648971576	-1.0	0.0352833089025	0.413083880131	-0.0238676497818	0.197223228433	0.235769732785																						0	0	0	0	0	0	0	28	21
2017-06-14_13-27-35	score	80	200	10	800	4	0	100	1497446855.73	65705	G1_102	1	search	102	1	-6.19315033787	9.73972174668	14.8651088001	-8.76914719608	5.18194131424	10.6865418916	20.7587534698	12.549389439	-12.578531898	13.7340640129	7.41943732779	2.98224199444	-6.08683703279	12.0983690316	-21.2768258458	8.21109675129	-11.8572704306	1.41729678395	-10.2190204912	-6.49971466409	1.76007002394	-0.291074917977	0.457761971512	0.69865255785	-0.412145460965	0.243548607852	0.502262037067	0.975650861661	0.58981492493	-0.591184605691	0.645494027751	0.348709783197	0.140163857901	-0.286078246676	0.568617195031	-1.0	0.38591737371	-0.557285683332	0.0666122284511	-0.480288768883	-0.305483285487	0.082722396503																						0	0	0	0	0	0	0	32	21
2017-06-14_13-27-35	score	80	200	10	800	4	0	100	1497446855.73	90394	G1_103	1	search	103	1	-11.6342908827	3.75441139447	7.89835445467	9.84696893252	14.6697615965	0.107727062644	-7.48042987442	-3.59995505713	-15.9078897249	1.80611662541	-0.455288751139	-1.93114148432	-6.85408154934	-1.57524883903	-7.82343333978	-5.88565684716	-0.533904387601	-11.7050802399	-8.75636730153	-10.54755406	-10.3071054302	-0.731353503444	0.236009392785	0.49650548195	0.618999069192	0.922168926876	0.00677192666701	-0.470233953327	-0.226299975634	-1.0	0.113535903042	-0.0286203109911	-0.12139520186	-0.430860514366	-0.0990231178538	-0.491795799133	-0.369983508117	-0.0335622384134	-0.735803456165	-0.550441790392	-0.663039173796	-0.647924118688																						1	1	0	0	0	40	0	35	21
2017-06-14_13-27-35	score	80	200	10	800	4	0	100	1497446855.73	26146	G1_104	1	search	104	1	-7.09812349916	-4.86582605067	3.99423023235	-4.95097138291	-0.330691256832	-6.00100145626	20.0444178445	3.67643351304	-2.56489053703	6.01249017521	12.938903595	5.35976357633	-6.31733887246	-8.74054503185	13.326744544	-2.72390879824	11.4134862325	11.1734268336	-3.26760616816	-1.66624064489	1.50979608087	-0.354119713241	-0.242752176113	0.199268956741	-0.247000008747	-0.0164979227333	-0.299385170616	1.0	0.183414332188	-0.127960340726	0.29995833363	0.645511568131	0.26739432484	-0.315166991702	-0.436058811968	0.66486064337	-0.135893634795	0.569409714017	0.557433342307	-0.163018262417	-0.0831274152144	0.0753225208429																						0	0	0	0	0	0	0	26	21
2017-06-14_13-27-35	score	80	200	10	800	4	0	100	1497446855.73	42429	G1_105	1	search	105	1	-19.1089168943	-4.47656408373	-7.90585694429	2.55322777239	6.32254754966	-9.46111948658	-13.7273794049	-13.0853231563	1.68670639927	-5.94614988505	6.47843676691	-14.7112191192	2.54491973633	-2.14275250204	-0.557090396965	-3.26728929339	13.1299383513	0.239489156641	-21.3198933975	5.84676475903	18.2646070506	-0.896295142662	-0.209971222663	-0.370820660164	0.11975799901	0.296556245933	-0.443769549415	-0.643876549896	-0.613761190653	0.0791142041766	-0.278901482957	0.303868159475	-0.690023108695	0.119368314319	-0.100504841281	-0.0261300742259	-0.153250733129	0.615853846289	0.0112331310563	-1.0	0.274239868371	0.856693169615																						37	37	0	0	0	3520	3	133	21
2017-06-14_13-27-35	score	80	200	10	800	4	0	100	1497446855.73	54805	G1_106	1	search	106	1	7.48455544887	-1.6434246395	-4.94010719418	5.64146334697	11.95455394	5.65083923291	4.04291230405	-13.722539282	-10.3193947093	2.11775948517	1.42663993492	9.26714866444	-6.3134117016	-8.12773535325	19.3260790033	1.2977969381	-13.1266460791	-12.3228149477	-15.1831403237	5.71625175104	-6.81464478121	0.387277494187	-0.0850366305143	-0.255618700168	0.291909359679	0.618571099598	0.292394501333	0.209194648503	-0.710052943466	-0.533962150706	0.109580400908	0.0738194195868	0.479515201342	-0.326678355217	-0.420557907884	1.0	0.0671526251068	-0.679219311732	-0.637626232694	-0.785629631395	0.295779177455	-0.352613935813																						0	0	0	0	0	0	0	29	21
2017-06-14_13-27-35	score	80	200	10	800	4	0	100	1497446855.73	51658	G1_107	1	search	107	1	-6.11112369768	-2.90828814906	2.75211391784	2.63087265823	-1.42562763324	-3.14418062057	-1.95773177591	-18.750435082	-16.1241560918	-16.6925441265	3.88648902215	12.0592687916	9.28214738465	-10.3265516429	-1.35630462264	-3.32380181141	-3.0923202753	4.62852484152	-5.89762500054	-7.00267123853	-3.94120085756	-0.325919034463	-0.155105102166	0.146776003106	0.140309952635	-0.0760317095048	-0.167685742054	-0.104409938615	-1.0	-0.859935037309	-0.890248362427	0.207274604838	0.643146078415	0.495036373506	-0.550736641458	-0.0723345680622	-0.177265316611	-0.164919921152	0.24684893024	-0.314532701495	-0.373467133317	-0.210192501685																						34	34	0	0	0	3040	3	125	21
2017-06-14_13-27-35	score	80	200	10	800	4	0	100	1497446855.73	52837	G1_108	1	search	108	1	1.24258361017	4.12298228944	4.69693233047	-5.74059835678	30.1711923312	4.3234332619	-8.29939252142	1.26763604941	0.755021908852	-6.1943978193	4.04112833294	-11.7414302363	-18.5352256542	3.52801525816	-2.20274642496	3.46243132595	-12.2642160021	-3.79822658224	12.3946737418	12.0412519527	26.6329922629	0.0411844383387	0.136652945107	0.155676059431	-0.190267533804	1.0	0.14329673201	-0.275076716568	0.0420147813682	0.0250245963289	-0.205308353455	0.133939961291	-0.389160299249	-0.614335205939	0.116933239476	-0.0730082656588	0.114759512582	-0.406487614658	-0.12588917735	0.410811531933	0.399097649855	0.88272919315																						0	0	0	0	0	0	0	31	21
2017-06-14_13-27-35	score	80	200	10	800	4	0	100	1497446855.73	3435	G1_109	1	search	109	1	-14.1029157053	-6.64337018458	18.8575114838	4.70227696328	10.3405661933	-16.0147292643	3.96419551153	-3.03671646812	7.8995668348	12.5431889123	-21.9198678902	-7.77564592084	16.0628007206	-15.4196930823	4.45608904691	5.576986169	-11.3209178107	6.24593686289	-2.36039489159	2.12446548492	-1.35540307495	-0.643385068556	-0.303075283932	0.86029311756	0.214521227355	0.471744001608	-0.730603366065	0.180849425342	-0.138537170175	0.360383870668	0.572229220318	-1.0	-0.354730510229	0.732796420172	-0.703457391238	0.203289959101	0.254426084908	-0.516468341298	0.284944092463	-0.107682897698	0.0969196299702	-0.0618344545566																						0	0	0	0	0	0	0	26	21
2017-06-14_13-27-35	score	80	200	10	800	4	0	100	1497446855.73	41373	G1_110	1	search	110	1	-0.573691537576	-25.5037760139	0.277681822401	8.38953418435	4.6191928862	-3.68076749896	6.91586273062	0.675516820451	-7.38780994548	10.7902788747	15.4832328016	-2.15818310503	-6.80520052787	4.29653199072	10.7375395593	-21.8500469103	-8.87868417295	-2.58078342019	-9.72108034743	8.252493264	-13.8133427424	-0.0224943764117	-1.0	0.0108878709666	0.328952629594	0.181117999299	-0.144322452368	0.271170148564	0.026486933546	-0.28967514228	0.423085541091	0.607095701953	-0.0846221008157	-0.266831096861	0.168466504269	0.421017638858	-0.856737719873	-0.348132142006	-0.10119220851	-0.381162395017	0.323579271537	-0.541619512926																						0	0	0	0	0	0	0	27	21
2017-06-14_13-27-35	score	80	200	10	800	4	0	100	1497446855.73	38762	G1_111	1	search	111	1	9.94889869151	1.30574214461	-3.01850192399	0.920441740489	-4.85104438987	1.41676106883	-3.67589207513	-1.03200317459	-7.48579839555	-2.83545423842	4.26313260368	-22.5782867646	-0.436182437578	2.4891663461	-0.791264941239	5.1005544144	12.6717580814	-19.2237664578	-3.54414784448	15.3234882521	3.64338796861	0.440640106808	0.0578317636862	-0.133690476849	0.0407666777415	-0.214854405936	0.062748829599	-0.16280651023	-0.0457077716014	-0.331548556965	-0.125583232598	0.188815592969	-1.0	-0.0193186685122	0.11024602407	-0.0350453933679	0.225905289784	0.561236475268	-0.85142715469	-0.156971513447	0.678682506422	0.161366892298																						5	0	1	1	0	400	0	47	21
2017-06-14_13-27-35	score	80	200	10	800	4	0	100	1497446855.73	95598	G1_112	1	search	112	1	5.60307369065	18.6501310292	-12.5854356915	8.29638536884	-3.05603668585	2.82229512741	-4.2117943466	-7.74425894919	27.2091395244	-6.9455703248	0.354542590146	4.00701765884	9.73655327359	-5.81088216496	-24.0301325747	5.28446223953	2.12516399733	-2.95932172625	7.85200353397	17.9842261792	9.87329596997	0.205926162627	0.685436267195	-0.462544421159	0.304911714	-0.112316550221	0.1037259971	-0.154793367972	-0.284619766908	1.0	-0.25526607773	0.0130302757215	0.147267342109	0.357841278475	-0.213563613791	-0.883164002786	0.194216440942	0.0781047851744	-0.108762047532	0.288579634315	0.660962694653	0.362866894822																						12	12	0	0	0	560	1	72	21
2017-06-14_13-27-35	score	80	200	10	800	4	0	100	1497446855.73	7799	G1_113	1	search	113	1	4.39065038184	16.332694691	2.99745464924	0.42588659328	4.53402031865	7.41160374884	-11.8679041505	3.79080591212	13.621750602	-12.607057913	17.654470187	-20.714466839	-5.16909014353	-1.75178210448	3.69261608479	12.4647380809	4.03756774233	2.01789741762	12.9394969173	-7.69671854775	-3.52963592363	0.211960578854	0.788468021793	0.144703441925	0.0205598626598	0.218881825629	0.357798431717	-0.572928294159	0.183002823176	0.657596003216	-0.608611267236	0.852277315377	-1.0	-0.249540100825	-0.0845680517919	0.178262666063	0.601740714727	0.194915359093	0.0974148856113	0.624659906427	-0.371562474071	-0.17039472708																						0	0	0	0	0	0	0	29	21
2017-06-14_13-27-35	score	80	200	10	800	4	0	100	1497446855.73	88715	G1_114	1	search	114	1	-0.226510709041	-3.91478576821	8.27545253263	10.4083775533	-9.44583377835	1.96259262135	-1.97098764117	4.7554288972	-6.70981383417	5.6330716329	-10.6287146224	-14.3996789051	-1.56384532506	-15.0200696008	-6.07418510306	-4.31526529092	0.800892508854	10.048821507	8.56865204949	9.46262324073	9.78668484153	-0.0150805365795	-0.260636992521	0.550959666139	0.692964668606	-0.628880826083	0.130664682223	-0.131223602391	0.316604984105	-0.446723218501	0.375036320245	-0.707634179127	-0.958695884097	-0.104117049163	-1.0	-0.404404590958	-0.287299953038	0.0533214911876	0.669026294426	0.570480182665	0.629998627986	0.651573867609																						1	1	0	0	0	40	0	32	21
2017-06-14_13-27-35	score	80	200	10	800	4	0	100	1497446855.73	62145	G1_115	1	search	115	1	-3.96318305299	-5.82155708645	10.4461396012	22.7046578399	4.63542060683	0.656864932958	7.33304214286	5.60343994289	11.050667595	0.166127066781	-6.39015055175	-3.9517076205	-10.8657320879	8.76803969435	-8.42904977941	-6.12047505318	3.7041925964	5.25417336859	2.29996914113	6.6758773091	-5.20180234296	-0.174553744916	-0.256403647546	0.460087955292	1.0	0.204161658789	0.0289308448332	0.32297523242	0.246796934021	0.486713681083	0.00731687162837	-0.281446679214	-0.174048322963	-0.478568413781	0.386178014933	-0.371247602093	-0.269569138471	0.163146814302	0.231413897784	0.101299440729	0.294031178807	-0.229107277442																						0	0	0	0	0	0	0	25	21
2017-06-14_13-27-35	score	80	200	10	800	4	0	100	1497446855.73	14977	G1_116	1	search	116	1	-8.18253857835	0.958727186333	-4.48467720802	-10.6009478433	-8.81349381362	-10.0360010643	-14.0507247016	-5.5331963503	4.70214570288	-7.95368179303	0.560118320766	3.0502888463	-13.7273918074	2.94593804628	-0.283835289397	8.02780728661	19.0743322304	-13.599666697	-8.761612253	-14.5577348492	9.13829302266	-0.428981653434	0.0502626867746	-0.235115817101	-0.55577032607	-0.462060412241	-0.526152157941	-0.736629965961	-0.290085979601	0.24651692369	-0.416983498921	0.0293650290872	0.159915891652	-0.719678762098	0.154445147054	-0.0148804836766	0.42086963725	1.0	-0.712982584799	-0.459340444905	-0.763210720739	0.479088489823																						312	226	40	2	0	222700	31	800	21
2017-06-14_13-27-35	score	80	200	10	800	4	0	100	1497446855.73	8547	G1_117	1	search	117	1	-10.0296226178	-20.6213800526	1.93476676623	2.86088810669	4.02437899976	-4.16589958696	-6.0967844415	17.4588810698	-12.8421874713	-18.1561376039	-2.538547965	-0.183021822002	5.25796912272	2.58342943429	6.45226637591	13.8647152089	4.62850129278	14.0290437972	16.0444734359	19.7213105584	1.8140095992	-0.486370097066	-1.0	0.0938233406924	0.138734075963	0.195155658326	-0.202018467063	-0.295653560816	0.846639799335	-0.622760816128	-0.880452111232	-0.123102719533	-0.00887534304373	0.254976587857	0.125279172766	0.312892074121	0.672346621493	0.224451577972	0.680315466829	0.778050421213	0.956352606278	0.0879674199581																						0	0	0	0	0	0	0	32	21
2017-06-14_13-27-35	score	80	200	10	800	4	0	100	1497446855.73	47065	G1_118	1	search	118	1	-15.6298917112	3.21429801926	-5.87522288033	-1.18780948483	-21.6989764257	-6.74499330494	5.16088395194	-3.40063144249	-4.58792308509	-5.30598740377	-4.51143009083	-15.7735627484	-7.38754173991	-3.21626493189	-2.21664707809	-14.4418566155	-3.18560912046	-6.34845318274	1.94734208468	2.22016958231	17.2142376529	-0.720305483749	0.148131319939	-0.270760369755	-0.0547403463428	-1.0	-0.310843846853	0.237839972296	-0.156718518688	-0.211435000208	-0.244527082737	-0.207909811151	-0.726926581188	-0.340455770584	-0.14822196535	-0.102154453491	-0.665554740103	-0.146809188505	-0.292569246502	0.089743499715	0.102316788532	0.793320261528																						108	98	5	0	0	26020	10	313	21
2017-06-14_13-27-35	score	80	200	10	800	4	0	100	1497446855.73	12134	G1_119	1	search	119	1	11.769412164	-16.5766452953	12.6019708632	19.4541097279	-7.28488674668	-0.694038644283	4.65622792297	-2.52688521897	14.3382649966	-2.23602116641	-4.15757359413	-2.94481268453	7.28482887217	4.8535620032	-20.0812694876	8.80288626935	-17.852790589	11.1346079202	8.03394821606	-11.5855442765	14.4389488051	0.58608905036	-0.825477956235	0.627548515845	0.968768918715	-0.362770229799	-0.0345614924749	0.231869201588	-0.125832942013	0.714011880843	-0.111348596153	-0.207037388582	-0.146644747054	0.362767347785	0.241695974759	-1.0	0.438363036499	-0.889026991047	0.554477291739	0.40007172958	-0.576932861921	0.719025697754																						0	0	0	0	0	0	0	31	21
2017-06-14_13-27-35	score	80	200	10	800	4	0	100	1497446855.73	8927	G1_120	1	search	120	1	-1.83076965717	-11.0983749528	-13.7335458119	1.72996855465	-20.8637333039	-11.0141929184	27.0691444718	-10.0775440746	-2.9238753601	-0.144442983339	13.3461420485	22.6014194888	14.5631477374	-9.68531299089	-3.27078310954	-13.3279421307	-10.5387986642	-9.61964727859	3.30739459274	12.1915336846	2.71114496479	-0.0676330816097	-0.410000950136	-0.507350567589	0.0639092438422	-0.770757026535	-0.406891061144	1.0	-0.372288975926	-0.10801506354	-0.00533607493541	0.493038930816	0.834951378399	0.537998079421	-0.357799006207	-0.120830679113	-0.492366581609	-0.389328841743	-0.355373155166	0.122183196303	0.450384891081	0.100156285605																						50	38	6	0	0	6200	5	168	21
2017-06-14_13-27-35	score	80	200	10	800	4	0	100	1497446855.73	48855	G1_121	1	search	121	1	-2.36704638117	5.53743010985	8.36937566695	-7.11330379097	0.354385322441	0.368496117648	-7.70256743329	-4.89876168882	-6.64256113291	-11.1909208205	1.6993561236	1.2467166768	14.5038362433	-2.74996948005	-11.9643306611	-1.48125784936	-2.05635837809	-6.27874474424	-2.61654053487	-0.78003142007	-10.8725753334	-0.163201400062	0.381790721914	0.577045653754	-0.490442919491	0.0244339026239	0.0254068035151	-0.531071042454	-0.337756274041	-0.457986495538	-0.771583506099	0.117165975615	0.0859577187642	1.0	-0.189602904634	-0.824908007813	-0.102128693713	-0.141780308575	-0.432902346588	-0.180403342328	-0.0537810415801	-0.749634451947																						1	1	0	0	0	40	0	42	21
2017-06-14_13-27-35	score	80	200	10	800	4	0	100	1497446855.73	23834	G1_122	1	search	122	1	-2.08515197953	7.46419225347	20.2748393216	-10.8669097029	-1.43876061727	-12.1533059009	0.666535992323	-4.96422660342	8.95691513382	0.690754447271	-15.4315933656	-5.08387154282	-11.8461062973	11.2956676841	-3.56719391846	-9.78506390868	-2.10897507555	18.0938158621	-21.9701099628	-5.70381924712	0.988440779334	-0.0949085818443	0.339743053909	0.922837407547	-0.494622453928	-0.0654871832554	-0.553174559503	0.0303383093417	-0.225953653024	0.407686404346	0.0314406458794	-0.702390356342	-0.231399458238	-0.539191943842	0.514137967594	-0.162365774432	-0.44538074344	-0.0959929230722	0.823565102441	-1.0	-0.259617237091	0.0449902518016																						0	0	0	0	0	0	0	27	21
2017-06-14_13-27-35	score	80	200	10	800	4	0	100	1497446855.73	59097	G1_123	1	search	123	1	-2.72583984592	3.55834466165	-10.8008917357	-13.2754202513	10.4093373338	7.00841123868	19.0997979575	-1.87303830639	5.86114132873	-20.1018069831	2.67233487557	11.5473734177	-5.51821397879	16.0607126006	2.41542966028	-9.13587232309	0.605098046407	0.369571310383	-0.947379435775	0.587282543076	-0.126370481202	-0.135601732134	0.177016159027	-0.53730949386	-0.660409298651	0.517830926473	0.348645832914	0.950153285899	-0.0931776087579	0.291572858782	-1.0	0.132940032596	0.574444547568	-0.274513330242	0.798968600891	0.120159827538	-0.45448015349	0.0301016742881	0.0183849795541	-0.0471290683755	0.0292154105136	-0.00628652346074																						0	0	0	0	0	0	0	33	21
2017-06-14_13-27-35	score	80	200	10	800	4	0	100	1497446855.73	88294	G1_124	1	search	124	1	-10.7994183934	-0.632214655676	14.8022969295	7.29415370589	1.73081397228	-3.5774892994	-1.71055643725	6.32022133202	15.8415782992	-6.79838110272	6.25497001385	-6.65201476228	0.590555895186	-8.4335149269	-7.68689060124	2.36557363741	-5.18423415307	10.3486444267	-10.7886722756	8.24153278253	20.9591947337	-0.515259223009	-0.030164071841	0.70624358987	0.348016887031	0.0825801751581	-0.170688299091	-0.0816136525751	0.301548862555	0.755829529736	-0.324362705204	0.298435607538	-0.317379309978	0.0281764591955	-0.402377812414	-0.366755054233	0.112865673871	-0.247348918646	0.49375200518	-0.514746506852	0.393218007049	1.0																						0	0	0	0	0	0	0	27	21
2017-06-14_13-27-35	score	80	200	10	800	4	0	100	1497446855.73	74694	G1_125	1	search	125	1	14.869844379	3.500584938	6.33416996483	-2.4262025762	6.85485954972	-14.893980418	17.283951056	-3.96141445658	6.98470716363	1.93490120437	-0.323999306643	0.050252169539	22.6930763574	21.9860454824	-0.938080872678	-2.54999766244	-16.9695677851	2.0392555824	-10.8034080389	-6.15945486595	7.8541728067	0.655259081883	0.15425783983	0.279123458851	-0.106913780132	0.302068324354	-0.656322667912	0.761639840446	-0.174564893459	0.307790228775	0.0852639445571	-0.0142774519215	0.00221442737633	1.0	0.96884376257	-0.0413377568517	-0.112368972029	-0.747786131674	0.0898624562967	-0.476066262182	-0.271424410201	0.346104366064																						1	1	0	0	0	40	0	30	21
2017-06-14_13-27-35	score	80	200	10	800	4	0	100	1497446855.73	79862	G1_126	1	search	126	1	-1.06804032782	12.0845949437	3.81936050172	2.49828673744	6.57920919453	1.66831159081	12.694502688	10.2151396378	-2.60029769925	14.084766968	4.20177145153	9.45859226866	-0.429222597582	1.8665962549	-12.1181174677	-9.74048943381	3.31012049193	8.22672686849	-5.07671411663	-8.27733307005	8.19627652977	-0.0758294638633	0.857990407022	0.271169591261	0.177375084949	0.467115232328	0.118447937023	0.901293057734	0.725261529779	-0.184617729577	1.0	0.29832026764	0.671547657847	-0.0304742420345	0.132525888369	-0.860370462309	-0.691561987213	0.235014217804	0.5840868285	-0.360440050459	-0.587679802504	0.581924894349																						0	0	0	0	0	0	0	29	21
2017-06-14_13-27-35	score	80	200	10	800	4	0	100	1497446855.73	19797	G1_127	1	search	127	1	5.99876190777	10.3462466481	3.82497249527	1.7970600833	17.2147964513	-6.8436139377	-4.11927241016	-15.2122221668	-13.0084279892	5.10655426752	-9.23240389105	-28.2079135984	-10.1724986582	-0.394659241288	0.701349994362	3.72707234076	6.92579642638	9.16077699153	-7.17937853982	-1.13568842656	2.58725549595	0.212662375288	0.366785250246	0.13559927011	0.0637076569676	0.610282514914	-0.24261326219	-0.146032509487	-0.539289164855	-0.461162359413	0.181032682538	-0.327298361108	-1.0	-0.360625702524	-0.013991082322	0.0248635898545	0.132128607376	0.245526717253	0.324759112707	-0.254516468039	-0.040261340939	0.0917209096987																						0	0	0	0	0	0	0	27	21
2017-06-14_13-27-35	score	80	200	10	800	4	0	100	1497446855.73	29498	G1_128	1	search	128	1	-9.94127130243	-2.48506501953	-9.51273615846	-0.942873334465	-3.02061056721	-1.61104136136	12.0968233018	31.3486364145	6.49199369415	17.6302256424	23.7399776074	-14.8204795861	-2.38637394368	-10.2435086583	-4.73405131128	0.81706250937	2.96053380805	-12.8645394797	14.2245676762	11.3718358797	-4.91469924993	-0.317119735959	-0.0792718696492	-0.303449758793	-0.0300770126648	-0.0963554052965	-0.051391114435	0.385880366273	1.0	0.207090146069	0.562392105649	0.757289002734	-0.472763133623	-0.0761236920205	-0.326760900312	-0.151012989806	0.0260637336363	0.0944389978853	-0.410369985782	0.453753952426	0.362753764767	-0.156775535145																						0	0	0	0	0	0	0	39	21
2017-06-14_13-27-35	score	80	200	10	800	4	0	100	1497446855.73	78809	G1_129	1	search	129	1	2.50176489747	1.41038675065	4.07300061058	11.7023024546	-14.3751093941	23.2565262512	7.32878029845	-6.76804950862	-17.4353707809	-3.02638464027	6.74171529809	-1.16225826165	4.70327262547	8.96740494419	-1.48340876975	6.36458242384	8.9354573125	-4.64937058752	13.5655997128	-12.0323918707	-8.95295418719	0.107572595771	0.060644772801	0.175133662121	0.503183593636	-0.618110771954	1.0	0.315127900843	-0.291017215361	-0.749697981227	-0.130130553788	0.289884878991	-0.049975574559	0.202234528694	0.385586602544	-0.0637846234527	0.273668662081	0.384212896456	-0.199916812051	0.583302921781	-0.5173770038	-0.384965239024																						0	0	0	0	0	0	0	31	21
2017-06-14_13-27-35	score	80	200	10	800	4	0	100	1497446855.73	55831	G1_130	1	search	130	1	15.0305827276	5.53436762959	-6.42581991027	-2.13446045194	-13.0843851467	0.767360383753	10.014286578	-22.1050095545	-12.0583957407	5.98902297497	-11.7186969456	-8.72533166549	7.88296117457	3.48374963983	-2.19841313886	3.16680347089	-0.187892442423	-6.89655243241	9.36923384143	7.50711219567	9.66299186015	0.679962733812	0.250367122256	-0.290695188094	-0.0965600329953	-0.591919452215	0.0347143203834	0.453032447388	-1.0	-0.545505113263	0.270935100037	-0.530137610513	-0.394721913328	0.356614239642	0.157600006064	-0.0994531639282	0.143261800592	-0.00849999372131	-0.311990475073	0.423851155474	0.339611352674	0.437140361162																						4	2	1	0	0	180	0	48	21
2017-06-14_13-27-35	score	80	200	10	800	4	0	100	1497446855.73	3181	G1_131	1	search	131	1	-8.26828017887	-8.96934718345	-6.28195459899	-8.02038486082	6.6749121154	5.05885578481	20.0606957461	5.42053069516	24.1254165087	-10.9317064862	-24.6842243965	2.74919743713	-10.068617137	-4.01571068312	-28.7793104546	8.70832978972	0.981897752721	-2.86705691111	-6.67350978114	10.4456657998	-3.80107239925	-0.287299453958	-0.311659558265	-0.218280233257	-0.278685789692	0.231934400441	0.17578099353	0.697052689215	0.188348178241	0.838290290059	-0.37984601832	-0.857707290641	0.0955268696056	-0.349856093769	-0.139534638589	-1.0	0.30258993882	0.0341181820277	-0.0996221544513	-0.231885673275	0.362957473089	-0.132076562614																						35	35	0	0	0	3200	3	130	21
2017-06-14_13-27-35	score	80	200	10	800	4	0	100	1497446855.73	64793	G1_132	1	search	132	1	0.873994444324	1.39905540664	7.37890949004	-3.44935479433	-17.2582905006	7.53794037708	7.75079440169	8.98000589183	-7.02042154055	-10.3294963957	3.06883536288	-13.1806922977	2.76076203038	8.22487840483	-2.89895631925	-9.31544641609	-11.5654494402	-17.0806795658	11.5959162714	-2.82942998266	-1.52169765535	0.0506420056084	0.0810657003711	0.427557381177	-0.199866539169	-1.0	0.436772134344	0.449105570532	0.52032997657	-0.406785454231	-0.598523729526	0.177818038396	-0.763731048403	0.159967293996	0.476575498862	-0.167974708685	-0.539766462719	-0.670138762571	-0.989708660033	0.671904107247	-0.163946132588	-0.0881719806083																						0	0	0	0	0	0	0	37	21
2017-06-14_13-27-35	score	80	200	10	800	4	0	100	1497446855.73	84856	G1_133	1	search	133	1	-0.69415355546	-6.21188131358	10.8092077708	0.119250970559	-13.0194442162	1.97058187595	-7.3016446068	6.41742582761	2.8751424475	14.7129435065	-5.42565883017	5.37912795138	7.98939166683	-16.060126457	10.6479725836	2.09783413033	-4.58188795042	11.476622634	-7.14195799113	-0.698681856076	-4.38398949999	-0.0432221724604	-0.386789066089	0.673046242801	0.00742528216562	-0.81066884816	0.12270027146	-0.454644278571	0.399587502925	0.179023649359	0.916116292478	-0.337834128809	0.334936836629	0.49746754412	-1.0	0.663006770965	0.130623761647	-0.285295882488	0.714603503573	-0.444701230109	-0.0435041316733	-0.272973535528																						0	0	0	0	0	0	0	26	21
2017-06-14_13-27-35	score	80	200	10	800	4	0	100	1497446855.73	3385	G1_134	1	search	134	1	-0.162176242524	0.700730827753	-17.0310993155	9.62568954622	5.45823677783	-21.2927272118	-5.49603503479	-11.3311551074	-7.03652661814	-2.62994620078	-3.07534899827	-5.19950270458	-1.00128910804	9.99965256871	8.3350134117	0.807413533535	4.30226622058	1.11030684978	12.3415422341	8.09384787878	-0.550661178686	-0.00761650872203	0.0329093976917	-0.799855234426	0.45206466276	0.256342774861	-1.0	-0.25811794704	-0.532160816918	-0.330466198536	-0.123513825854	-0.144431897694	-0.24419148627	-0.047024934762	0.469627608961	0.391448842077	0.0379196861682	0.202053319793	0.0521448867839	0.5796130346	0.380122649311	-0.0258614677777																						1	1	0	0	0	40	0	38	21
2017-06-14_13-27-35	score	80	200	10	800	4	0	100	1497446855.73	74738	G1_135	1	search	135	1	-19.046333621	4.86480449162	16.8845780596	9.32504239379	1.48506955463	14.6533644502	3.58208709467	-4.07966449592	-0.507963142577	4.32541427527	-7.99329838765	-1.41544396077	-3.70619470262	-8.85707702698	12.1202717522	18.8295903527	4.07846207596	-25.1060372027	0.366456324676	-3.45386941107	-9.23701796094	-0.758635600961	0.19377030522	0.672530591879	0.371426295536	0.0591518901465	0.583658995319	0.142678315409	-0.162497349262	-0.0202327089089	0.172285822743	-0.318381524058	-0.0563786291458	-0.147621652621	-0.352786740316	0.482763235566	0.750002487477	0.162449455605	-1.0	0.0145963427728	-0.137571269539	-0.36792018933																						0	0	0	0	0	0	0	32	21
